species,Longitude,Latitude
Carya glabra,-81.9503,26.8998
Carya glabra,-81.8708,26.9647
Carya glabra,-82.465939,27.171749
Carya glabra,-82.5,27.2
Carya glabra,-81.8584,27.2159
Carya glabra,-82.460472,27.264922
Carya glabra,-82.25728,27.307067
Carya glabra,-82.504058,27.317295
Carya glabra,-81.396889,27.324747
Carya glabra,-81.341,27.3434
Carya glabra,-82.233132,27.352265
Carya glabra,-82.546874,27.354771
Carya glabra,-82.614879,27.362981
Carya glabra,-82.450522,27.402955
Carya glabra,-82.519525,27.445508
Carya glabra,-81.5333,27.4667
Carya glabra,-82.1833,27.4833
Carya glabra,-82.593015,27.489792
Carya glabra,-82.361001,27.500893
Carya glabra,-81.817485,27.507445
Carya glabra,-82.644488,27.519475
Carya glabra,-81.562472,27.551775
Carya glabra,-82.53965,27.555243
Carya glabra,-82.239232,27.602322
Carya glabra,-82.539842,27.603772
Carya glabra,-81.9722,27.6344
Carya glabra,-81.3767,27.6644
Carya glabra,-81.434255,27.711804
Carya glabra,-81.790145,27.762521
Carya glabra,-81.498558,27.80723
Carya glabra,-80.509278,27.831583
Carya glabra,-82.123283,27.835633
Carya glabra,-82.313537,27.838194
Carya glabra,-81.46735,27.83949
Carya glabra,-82.0854,27.8595
Carya glabra,-82.837762,27.8882
Carya glabra,-82.7873,27.9095
Carya glabra,-81.8167,27.9167
Carya glabra,-82.35,27.9167
Carya glabra,-82.3979,27.9392
Carya glabra,-81.863678,27.944868
Carya glabra,-81.488975,27.962235
Carya glabra,-82.9112,27.9651
Carya glabra,-82.700853,27.971574
Carya glabra,-82.8696,27.9849
Carya glabra,-81.854359,27.989818
Carya glabra,-82.4218,27.9911
Carya glabra,-81.597962,27.992992
Carya glabra,-82.784965,27.998549
Carya glabra,-82,28
Carya glabra,-80.601495,28.015536
Carya glabra,-81.9498,28.0395
Carya glabra,-80.590743,28.058704
Carya glabra,-80.910836,28.079064
Carya glabra,-81.551927,28.11431
Carya glabra,-82.0592,28.1157
Carya glabra,-82.740939,28.134709
Carya glabra,-82.227242,28.149722
Carya glabra,-82.3992,28.16
Carya glabra,-82.2833,28.2333
Carya glabra,-82.67786,28.238538
Carya glabra,-82.039706,28.285433
Carya glabra,-81.550768,28.306261
Carya glabra,-80.666,28.3181
Carya glabra,-81.8167,28.35
Carya glabra,-80.781222,28.384741
Carya glabra,-82.232923,28.398849
Carya glabra,-82.65673,28.421131
Carya glabra,-80.7601,28.4322
Carya glabra,-80.718768,28.473052
Carya glabra,-81.750374,28.508705
Carya glabra,-81.3235,28.5144
Carya glabra,-81.66494,28.525037
Carya glabra,-80.802459,28.533236
Carya glabra,-81.358338,28.544671
Carya glabra,-82.41938,28.551974
Carya glabra,-81.260351,28.572333
Carya glabra,-82.168242,28.575049
Carya glabra,-81.8867,28.5783
Carya glabra,-82.372027,28.600594
Carya glabra,-82.470128,28.609491
Carya glabra,-82.138141,28.610272
Carya glabra,-81.054011,28.618905
Carya glabra,-81.130929,28.630733
Carya glabra,-81.717835,28.651744
Carya glabra,-82.511988,28.657939
Carya glabra,-80.876555,28.662588
Carya glabra,-82.1129,28.665
Carya glabra,-81.2081,28.67
Carya glabra,-81.5095,28.6806
Carya glabra,-81.15387,28.685065
Carya glabra,-82.081,28.7048
Carya glabra,-81.469482,28.708954
Carya glabra,-82.572875,28.710594
Carya glabra,-81.293547,28.716862
Carya glabra,-81.2363,28.717
Carya glabra,-81.500669,28.750027
Carya glabra,-81.952958,28.782597
Carya glabra,-80.808757,28.787599
Carya glabra,-81.285063,28.789975
Carya glabra,-81.953155,28.846362
Carya glabra,-81.387689,28.849968
Carya glabra,-82.2,28.85
Carya glabra,-81.685353,28.852768
Carya glabra,-81.294375,28.862428
Carya glabra,-82.133197,28.864743
Carya glabra,-82.621672,28.880928
Carya glabra,-82.381122,28.935389
Carya glabra,-81.222448,28.941331
Carya glabra,-81.33958,28.946904
Carya glabra,-81.337212,28.995342
Carya glabra,-81.43571,29.034927
Carya glabra,-82.464167,29.044722
Carya glabra,-81.0028,29.067
Carya glabra,-81.5781,29.0803
Carya glabra,-82.6315,29.1022
Carya glabra,-81.286832,29.11607
Carya glabra,-98.554893,29.124762
Carya glabra,-83.08528,29.1248
Carya glabra,-98.637716,29.132892
Carya glabra,-81.022833,29.138217
Carya glabra,-82.068611,29.179205
Carya glabra,-81.107977,29.199128
Carya glabra,-83.066401,29.207256
Carya glabra,-81.909147,29.210981
Carya glabra,-81.854,29.247333
Carya glabra,-81.63972,29.248475
Carya glabra,-97.002017,29.277532
Carya glabra,-83.037208,29.29533
Carya glabra,-81.0917,29.3069
Carya glabra,-81.54632,29.310649
Carya glabra,-98.109947,29.321627
Carya glabra,-82.736534,29.323601
Carya glabra,-83.1443,29.3288
Carya glabra,-81.7342,29.3475
Carya glabra,-82.732778,29.359194
Carya glabra,-81.132485,29.388277
Carya glabra,-81.139023,29.4353
Carya glabra,-81.2833,29.45
Carya glabra,-82.305999,29.452913
Carya glabra,-82.859842,29.474962
Carya glabra,-82.976233,29.485197
Carya glabra,-82.319481,29.495416
Carya glabra,-82.61541,29.555519
Carya glabra,-83.187,29.5812
Carya glabra,-82.297364,29.608615
Carya glabra,-82.40876,29.6117
Carya glabra,-82.349992,29.629322
Carya glabra,-81.208998,29.629997
Carya glabra,-82.034049,29.630467
Carya glabra,-85.09681,29.64199
Carya glabra,-82.463064,29.647246
Carya glabra,-82.3106,29.6514
Carya glabra,-81.243442,29.657297
Carya glabra,-82.548583,29.66235
Carya glabra,-82.357654,29.675041
Carya glabra,-82.23785,29.677556
Carya glabra,-82.01548,29.67763
Carya glabra,-81.94178,29.69868
Carya glabra,-82.395037,29.707037
Carya glabra,-82.456745,29.711561
Carya glabra,-81.604377,29.717235
Carya glabra,-81.99504,29.719865
Carya glabra,-81.876608,29.724761
Carya glabra,-82.4248,29.7516
Carya glabra,-95.363272,29.763284
Carya glabra,-81.866667,29.764933
Carya glabra,-82.6167,29.7667
Carya glabra,-81.287261,29.770275
Carya glabra,-81.499092,29.802744
Carya glabra,-84.962618,29.808856
Carya glabra,-82.647582,29.822585
Carya glabra,-81.308401,29.827946
Carya glabra,-81.954108,29.840928
Carya glabra,-92.17751,29.853482
Carya glabra,-82.605225,29.863222
Carya glabra,-82.496106,29.874219
Carya glabra,-95.442923,29.877663
Carya glabra,-84.799665,29.890147
Carya glabra,-91.90137,29.89111
Carya glabra,-81.314459,29.893215
Carya glabra,-82.576937,29.915955
Carya glabra,-81.638322,29.941944
Carya glabra,-85.2,29.95
Carya glabra,-82.953583,29.959467
Carya glabra,-84.444634,29.97373
Carya glabra,-81.562064,29.984044
Carya glabra,-81.328705,29.993013
Carya glabra,-81.6833,30
Carya glabra,-93.13679,30.030618
Carya glabra,-83.07025,30.033715
Carya glabra,-81.712817,30.036731
Carya glabra,-81.559662,30.043403
Carya glabra,-83.602581,30.047704
Carya glabra,-81.503472,30.080561
Carya glabra,-81.798294,30.087703
Carya glabra,-84.35419,30.09255
Carya glabra,-83.225961,30.126914
Carya glabra,-81.65,30.13
Carya glabra,-95.810699,30.150158
Carya glabra,-81.708052,30.159425
Carya glabra,-84.403944,30.170565
Carya glabra,-82.6333,30.1833
Carya glabra,-81.633524,30.187523
Carya glabra,-81.3706,30.1927
Carya glabra,-82.99156,30.196062
Carya glabra,-95.784579,30.203054
Carya glabra,-82.621714,30.223616
Carya glabra,-92.01972,30.22389
Carya glabra,-81.52709,30.232039
Carya glabra,-84.3039,30.2322
Carya glabra,-84.883083,30.241138
Carya glabra,-88.11,30.25
Carya glabra,-81.642921,30.265918
Carya glabra,-93.263907,30.3001
Carya glabra,-81.834463,30.303812
Carya glabra,-85.625531,30.305154
Carya glabra,-93.190256,30.307637
Carya glabra,-81.725689,30.319145
Carya glabra,-84.3514,30.3231
Carya glabra,-86.165,30.3298
Carya glabra,-81.655651,30.332184
Carya glabra,-90.922259,30.353456
Carya glabra,-91.1,30.36
Carya glabra,-87.190268,30.360477
Carya glabra,-81.40117,30.360988
Carya glabra,-87.278662,30.364075
Carya glabra,-88.763433,30.369286
Carya glabra,-88.483219,30.369767
Carya glabra,-88.707336,30.374911
Carya glabra,-87.1289,30.3794
Carya glabra,-81.61444,30.381876
Carya glabra,-81.498211,30.382512
Carya glabra,-84.6167,30.3833
Carya glabra,-81.430123,30.39255
Carya glabra,-88.790695,30.394275
Carya glabra,-84.750554,30.40399
Carya glabra,-88.888027,30.413004
Carya glabra,-84.636703,30.413767
Carya glabra,-87.817825,30.413972
Carya glabra,-91.116578,30.415493
Carya glabra,-83.5208,30.4161
Carya glabra,-87.210484,30.42079
Carya glabra,-81.680218,30.425297
Carya glabra,-91.030476,30.427101
Carya glabra,-84.280733,30.438256
Carya glabra,-94.770829,30.440656
Carya glabra,-84.184436,30.441636
Carya glabra,-83.4698,30.443672
Carya glabra,-90.73917,30.447441
Carya glabra,-90.952366,30.450404
Carya glabra,-91.15444,30.45056
Carya glabra,-81.772729,30.450706
Carya glabra,-87.09333,30.45222
Carya glabra,-84.535,30.455278
Carya glabra,-84.4,30.4667
Carya glabra,-86.37222,30.46916
Carya glabra,-83.4129,30.4694
Carya glabra,-83.599085,30.470886
Carya glabra,-88.106094,30.472055
Carya glabra,-86.28113,30.482431
Carya glabra,-91.078042,30.493145
Carya glabra,-86.418239,30.49594
Carya glabra,-82.946571,30.496102
Carya glabra,-89.11083,30.49722
Carya glabra,-84.311613,30.500937
Carya glabra,-90.816447,30.515016
Carya glabra,-86.482172,30.516864
Carya glabra,-84.107103,30.525786
Carya glabra,-81.452025,30.55059
Carya glabra,-91.16111,30.56417
Carya glabra,-84.4167,30.5667
Carya glabra,-84.613534,30.579745
Carya glabra,-84.336275,30.58803
Carya glabra,-83.978648,30.590225
Carya glabra,-91.007278,30.599047
Carya glabra,-85.665236,30.610525
Carya glabra,-95.532742,30.614674
Carya glabra,-92.627471,30.620326
Carya glabra,-81.57761,30.62637
Carya glabra,-81.460856,30.626551
Carya glabra,-87.0397,30.6324
Carya glabra,-84.8,30.63333
Carya glabra,-96.769382,30.646905
Carya glabra,-83.233745,30.650342
Carya glabra,-86.163023,30.659326
Carya glabra,-91.279472,30.690792
Carya glabra,-81.446998,30.693737
Carya glabra,-87.38026,30.706772
Carya glabra,-84.23587,30.73199
Carya glabra,-87.017988,30.733081
Carya glabra,-81.470353,30.748189
Carya glabra,-81.734,30.752167
Carya glabra,-84.679167,30.788056
Carya glabra,-81.955459,30.790716
Carya glabra,-85.215887,30.795806
Carya glabra,-81.449671,30.829268
Carya glabra,-91.5,30.833
Carya glabra,-83.924682,30.83657
Carya glabra,-91.312545,30.837745
Carya glabra,-83.297531,30.843145
Carya glabra,-92.251801,30.858243
Carya glabra,-84.579045,30.87862
Carya glabra,-90.801647,30.892819
Carya glabra,-94.41194,30.893351
Carya glabra,-91.081772,30.899069
Carya glabra,-90.50889,30.93806
Carya glabra,-87.87,30.95
Carya glabra,-91.488931,30.980573
Carya glabra,-88.192978,31.035176
Carya glabra,-91.515,31.068889
Carya glabra,-84.333,31.083
Carya glabra,-91.085554,31.08696
Carya glabra,-92.40028,31.09444
Carya glabra,-92.61608,31.146521
Carya glabra,-81.491489,31.149953
Carya glabra,-88.557799,31.155737
Carya glabra,-81.381487,31.16718
Carya glabra,-91.309249,31.167199
Carya glabra,-83.53919,31.181419
Carya glabra,-84.477998,31.182704
Carya glabra,-86.698003,31.188032
Carya glabra,-91.02167,31.19722
Carya glabra,-81.389843,31.223555
Carya glabra,-85.430153,31.233592
Carya glabra,-81.3396,31.26515
Carya glabra,-91.359557,31.30517
Carya glabra,-95.4216,31.323
Carya glabra,-93.778874,31.340722
Carya glabra,-91.389996,31.360567
Carya glabra,-90.836111,31.360833
Carya glabra,-81.445952,31.393475
Carya glabra,-92.411354,31.410883
Carya glabra,-89.292778,31.425556
Carya glabra,-92.261256,31.436195
Carya glabra,-89.209444,31.447222
Carya glabra,-81.24166,31.4775
Carya glabra,-85.15,31.49
Carya glabra,-86.521389,31.498889
Carya glabra,-97.189147,31.58074
Carya glabra,-85.08,31.6
Carya glabra,-81.829281,31.653548
Carya glabra,-90.1451,31.7091
Carya glabra,-89.02084,31.73631
Carya glabra,-95.150221,31.737952
Carya glabra,-91.317299,31.747869
Carya glabra,-86.359978,31.756122
Carya glabra,-86.605306,31.796389
Carya glabra,-90.084946,31.805912
Carya glabra,-92.295972,31.863777
Carya glabra,-82.050671,31.865518
Carya glabra,-86.030329,31.886114
Carya glabra,-89.97411,31.887366
Carya glabra,-81.06088,31.96923
Carya glabra,-81.16631,31.973565
Carya glabra,-86.98,32
Carya glabra,-91.0317,32.0089
Carya glabra,-81.31558,32.01929
Carya glabra,-93.844404,32.034374
Carya glabra,-84.916038,32.063767
Carya glabra,-82.900699,32.067954
Carya glabra,-89.622778,32.076944
Carya glabra,-81.099834,32.083541
Carya glabra,-92.714409,32.095125
Carya glabra,-86.19,32.1
Carya glabra,-85.568281,32.138131
Carya glabra,-89.424722,32.146667
Carya glabra,-81.1121,32.1585
Carya glabra,-89.279492,32.178098
Carya glabra,-94.966811,32.189879
Carya glabra,-95.1333,32.2
Carya glabra,-93.801738,32.204481
Carya glabra,-95.099726,32.256857
Carya glabra,-93.838576,32.269928
Carya glabra,-80.9275,32.278889
Carya glabra,-84.885244,32.288609
Carya glabra,-88.911,32.3138
Carya glabra,-88.70567,32.325883
Carya glabra,-88.432947,32.326594
Carya glabra,-90.155644,32.327738
Carya glabra,-90.288178,32.338805
Carya glabra,-81.467,32.3427
Carya glabra,-89.471944,32.347778
Carya glabra,-86.284462,32.34975
Carya glabra,-88.661987,32.356529
Carya glabra,-86.18142,32.367978
Carya glabra,-92.440342,32.370571
Carya glabra,-90.159722,32.371389
Carya glabra,-84.95183,32.37444
Carya glabra,-92.916667,32.383333
Carya glabra,-85.245413,32.391363
Carya glabra,-83.469211,32.419492
Carya glabra,-83.405831,32.431608
Carya glabra,-83.510139,32.457075
Carya glabra,-89.750075,32.468116
Carya glabra,-95.297519,32.476089
Carya glabra,-83.547836,32.487753
Carya glabra,-83.48595,32.502128
Carya glabra,-94.793622,32.526893
Carya glabra,-92.625757,32.533466
Carya glabra,-85.472153,32.581262
Carya glabra,-80.200556,32.585833
Carya glabra,-90.062806,32.608084
Carya glabra,-85.646317,32.68734
Carya glabra,-94.179076,32.6907
Carya glabra,-87.242831,32.696671
Carya glabra,-93.753995,32.712457
Carya glabra,-94.666088,32.737679
Carya glabra,-88.473093,32.760267
Carya glabra,-84.515482,32.765454
Carya glabra,-90.74362,32.793448
Carya glabra,-97.200556,32.812222
Carya glabra,-79.840174,32.837027
Carya glabra,-83.603827,32.84254
Carya glabra,-80.392333,32.842562
Carya glabra,-83.770794,32.862108
Carya glabra,-85.931098,32.87128
Carya glabra,-79.80797,32.891063
Carya glabra,-83.71131,32.897893
Carya glabra,-87.44052,32.913998
Carya glabra,-88.924464,32.921375
Carya glabra,-94.071537,32.94458
Carya glabra,-87.409632,32.964602
Carya glabra,-97.176961,32.9655
Carya glabra,-84.540981,32.970397
Carya glabra,-79.777,32.9715
Carya glabra,-80.191692,32.98376
Carya glabra,-85.730583,32.986538
Carya glabra,-95.468538,32.993378
Carya glabra,-86.808984,33.019565
Carya glabra,-94.659292,33.029122
Carya glabra,-92.689102,33.072304
Carya glabra,-83.232099,33.080143
Carya glabra,-79.778462,33.082547
Carya glabra,-86.4638,33.101147
Carya glabra,-85.36753,33.102567
Carya glabra,-89.22655,33.11966
Carya glabra,-94.916077,33.120698
Carya glabra,-79.7912,33.1707
Carya glabra,-83.774367,33.1908
Carya glabra,-86.43,33.2
Carya glabra,-89.100055,33.205417
Carya glabra,-88.912588,33.229255
Carya glabra,-91.258109,33.235972
Carya glabra,-87.461735,33.244829
Carya glabra,-90.368761,33.24633
Carya glabra,-81.547643,33.248888
Carya glabra,-83.684767,33.2516
Carya glabra,-79.9784,33.255583
Carya glabra,-91.725691,33.259847
Carya glabra,-83.485,33.26
Carya glabra,-86.216125,33.260472
Carya glabra,-92.597662,33.268476
Carya glabra,-86.08567,33.2748
Carya glabra,-84.440022,33.276269
Carya glabra,-88.896858,33.276495
Carya glabra,-88.793267,33.277237
Carya glabra,-87.4,33.28
Carya glabra,-87.01357,33.286362
Carya glabra,-84.809495,33.295639
Carya glabra,-91.973845,33.306482
Carya glabra,-89.17278,33.31
Carya glabra,-92.519276,33.311033
Carya glabra,-86.769453,33.313882
Carya glabra,-86.658857,33.320345
Carya glabra,-81.651407,33.345547
Carya glabra,-85.494269,33.357794
Carya glabra,-90.028611,33.376667
Carya glabra,-86.619685,33.376797
Carya glabra,-86.847092,33.380739
Carya glabra,-90.249979,33.383642
Carya glabra,-89.0555,33.3841
Carya glabra,-89.324318,33.430402
Carya glabra,-92.338942,33.431891
Carya glabra,-88.73194,33.4375
Carya glabra,-86.78,33.437778
Carya glabra,-88.81833,33.45028
Carya glabra,-84.582106,33.466761
Carya glabra,-84.306734,33.471542
Carya glabra,-80.4347,33.4742
Carya glabra,-85.046533,33.476419
Carya glabra,-86.167721,33.487101
Carya glabra,-86.628043,33.499278
Carya glabra,-91.99774,33.500734
Carya glabra,-90.7669,33.50257
Carya glabra,-82.060823,33.507819
Carya glabra,-86.860992,33.514155
Carya glabra,-86.7542,33.518979
Carya glabra,-84.180385,33.526426
Carya glabra,-80.5068,33.5289
Carya glabra,-79.15,33.53
Carya glabra,-84.921959,33.531689
Carya glabra,-88.378007,33.53659
Carya glabra,-86.691728,33.559005
Carya glabra,-85.045971,33.572516
Carya glabra,-86.659964,33.626403
Carya glabra,-83.331105,33.64011
Carya glabra,-78.93008,33.651417
Carya glabra,-84.115503,33.663887
Carya glabra,-94.032083,33.681889
Carya glabra,-89.67341,33.6972
Carya glabra,-86.703973,33.699259
Carya glabra,-84.732697,33.701901
Carya glabra,-84.105194,33.71233
Carya glabra,-91.4529,33.71233
Carya glabra,-89.5581,33.7184
Carya glabra,-84.463769,33.725022
Carya glabra,-82.739309,33.736795
Carya glabra,-84.347494,33.736838
Carya glabra,-84.705074,33.737393
Carya glabra,-86.795789,33.73768
Carya glabra,-80.531782,33.73865
Carya glabra,-89.477126,33.74584
Carya glabra,-84.173748,33.749337
Carya glabra,-80.7015,33.7542
Carya glabra,-84.318497,33.777222
Carya glabra,-85.768897,33.781525
Carya glabra,-88.849444,33.786111
Carya glabra,-88.308152,33.790265
Carya glabra,-89.457534,33.792129
Carya glabra,-89.801286,33.797511
Carya glabra,-84.152812,33.79891
Carya glabra,-78.739114,33.799351
Carya glabra,-80.54544,33.802115
Carya glabra,-84.036668,33.806302
Carya glabra,-78.686555,33.81547
Carya glabra,-90.654,33.818
Carya glabra,-84.328095,33.833733
Carya glabra,-84.779216,33.836965
Carya glabra,-84.251267,33.837958
Carya glabra,-89.311461,33.840883
Carya glabra,-86.57,33.85
Carya glabra,-84.568638,33.850945
Carya glabra,-84.132396,33.85283
Carya glabra,-77.98617,33.859115
Carya glabra,-84.51327,33.865684
Carya glabra,-78.54506,33.875734
Carya glabra,-82.432651,33.880202
Carya glabra,-89.139127,33.880283
Carya glabra,-84.441373,33.887398
Carya glabra,-89.236181,33.891501
Carya glabra,-88.310093,33.893693
Carya glabra,-84.018728,33.894419
Carya glabra,-82.504998,33.895274
Carya glabra,-83.381373,33.897546
Carya glabra,-89.002288,33.903549
Carya glabra,-85.330658,33.927919
Carya glabra,-84.518895,33.930556
Carya glabra,-84.605682,33.930697
Carya glabra,-83.4476,33.933928
Carya glabra,-83.921971,33.944818
Carya glabra,-84.050878,33.947101
Carya glabra,-79.679,33.9531
Carya glabra,-84.203875,33.967772
Carya glabra,-84.759134,33.97433
Carya glabra,-80.6413,33.9817
Carya glabra,-84.506379,33.983179
Carya glabra,-87.860503,33.9879
Carya glabra,-83.494308,33.990003
Carya glabra,-86.457338,33.990017
Carya glabra,-81.173684,33.994075
Carya glabra,-89.622172,33.997098
Carya glabra,-84.402994,33.997211
Carya glabra,-81,34
Carya glabra,-89.917676,34.021307
Carya glabra,-77.88,34.03
Carya glabra,-88.927836,34.032738
Carya glabra,-84.612698,34.036347
Carya glabra,-79.79164,34.038455
Carya glabra,-84.043463,34.040886
Carya glabra,-84.546005,34.043085
Carya glabra,-81.146187,34.047935
Carya glabra,-88,34.05
Carya glabra,-83.367216,34.059986
Carya glabra,-86.54,34.06
Carya glabra,-84.579773,34.068312
Carya glabra,-87.208972,34.06912
Carya glabra,-86.86463,34.073978
Carya glabra,-84.523005,34.0827
Carya glabra,-88.391,34.088
Carya glabra,-86.932854,34.092951
Carya glabra,-87.415425,34.097546
Carya glabra,-84.484122,34.107781
Carya glabra,-81.180651,34.112405
Carya glabra,-84.165765,34.117273
Carya glabra,-84.577405,34.117746
Carya glabra,-84.407761,34.117847
Carya glabra,-85.16,34.16
Carya glabra,-84.841657,34.164957
Carya glabra,-84.188279,34.168346
Carya glabra,-77.951707,34.184245
Carya glabra,-81.135293,34.185548
Carya glabra,-84.540658,34.186001
Carya glabra,-79.903297,34.210097
Carya glabra,-85.244675,34.2301
Carya glabra,-88.625101,34.234108
Carya glabra,-82.619015,34.23688
Carya glabra,-84.626994,34.238592
Carya glabra,-83.832092,34.24605
Carya glabra,-84.066108,34.249839
Carya glabra,-88.957972,34.255245
Carya glabra,-78.52129,34.26094
Carya glabra,-84.661553,34.309503
Carya glabra,-81.806781,34.310342
Carya glabra,-83.961311,34.318232
Carya glabra,-85.24633,34.326
Carya glabra,-87.44,34.33
Carya glabra,-83.91014,34.343667
Carya glabra,-87.81163,34.345627
Carya glabra,-82.582942,34.367978
Carya glabra,-89.546621,34.368317
Carya glabra,-83.685258,34.3712
Carya glabra,-89.92361,34.37194
Carya glabra,-82.915749,34.375136
Carya glabra,-85.628708,34.395826
Carya glabra,-84.224555,34.399984
Carya glabra,-82.876227,34.44696
Carya glabra,-81.298429,34.450746
Carya glabra,-84.292244,34.454241
Carya glabra,-93.058861,34.459595
Carya glabra,-85.804141,34.459773
Carya glabra,-85.594192,34.473812
Carya glabra,-85.388409,34.479923
Carya glabra,-86.835642,34.490914
Carya glabra,-92.514265,34.498533
Carya glabra,-84.458253,34.49931
Carya glabra,-83.860516,34.505171
Carya glabra,-85.609882,34.505552
Carya glabra,-79.850898,34.512657
Carya glabra,-86.74,34.55
Carya glabra,-85.855467,34.550231
Carya glabra,-92.32548,34.57739
Carya glabra,-86.178878,34.578563
Carya glabra,-91.121361,34.602378
Carya glabra,-82.977569,34.602593
Carya glabra,-83.997765,34.616817
Carya glabra,-86.2086,34.6195
Carya glabra,-83.603972,34.621442
Carya glabra,-81.179619,34.630832
Carya glabra,-89.96861,34.632007
Carya glabra,-83.718423,34.635579
Carya glabra,-87.682194,34.637716
Carya glabra,-85.64,34.64
Carya glabra,-82.882282,34.643971
Carya glabra,-88.145805,34.648874
Carya glabra,-81.948955,34.654469
Carya glabra,-89.467573,34.663454
Carya glabra,-80.5416,34.6734
Carya glabra,-82.822993,34.673909
Carya glabra,-82.96316,34.677186
Carya glabra,-83.995055,34.68597
Carya glabra,-76.811613,34.701288
Carya glabra,-92.257189,34.70567
Carya glabra,-77.415949,34.709432
Carya glabra,-88.033828,34.711717
Carya glabra,-82.826944,34.714722
Carya glabra,-86.537441,34.715144
Carya glabra,-92.336944,34.723056
Carya glabra,-85.671284,34.724937
Carya glabra,-86.724555,34.728406
Carya glabra,-92.44659,34.733524
Carya glabra,-82.444463,34.738634
Carya glabra,-88.239323,34.740434
Carya glabra,-82.860833,34.745556
Carya glabra,-92.289595,34.746481
Carya glabra,-87.78938,34.75657
Carya glabra,-91.755355,34.783147
Carya glabra,-85.491547,34.78435
Carya glabra,-92.429125,34.788865
Carya glabra,-80.153752,34.790202
Carya glabra,-83.787365,34.792307
Carya glabra,-80.993927,34.804549
Carya glabra,-82.694699,34.804987
Carya glabra,-82.149737,34.806384
Carya glabra,-86.589967,34.808081
Carya glabra,-92.348085,34.81258
Carya glabra,-85.441728,34.814117
Carya glabra,-79.01065,34.825082
Carya glabra,-83.581074,34.849738
Carya glabra,-81.850175,34.853879
Carya glabra,-79.936726,34.860675
Carya glabra,-83.17743,34.870469
Carya glabra,-82.912962,34.871642
Carya glabra,-92.321907,34.878683
Carya glabra,-80.082955,34.88274
Carya glabra,-81.039993,34.886382
Carya glabra,-82.71711,34.892244
Carya glabra,-85.201134,34.903216
Carya glabra,-87.798875,34.909697
Carya glabra,-82.433072,34.916695
Carya glabra,-88.586604,34.920212
Carya glabra,-80.081658,34.926175
Carya glabra,-90.789834,34.935616
Carya glabra,-80.699408,34.939782
Carya glabra,-84.067873,34.949749
Carya glabra,-83.831505,34.954242
Carya glabra,-80.094954,34.963018
Carya glabra,-94.041664,34.964443
Carya glabra,-85.373725,34.966472
Carya glabra,-82.403386,34.967082
Carya glabra,-81.028722,34.969087
Carya glabra,-80.801681,34.970871
Carya glabra,-90.1352,34.9748
Carya glabra,-88.26222,34.97889
Carya glabra,-88.59056,34.98694
Carya glabra,-85.271575,34.991828
Carya glabra,-80.162864,34.993672
Carya glabra,-82.765167,34.997067
Carya glabra,-85.141498,34.998411
Carya glabra,-85.39443,34.998538
Carya glabra,-81.178474,35.017712
Carya glabra,-90.816764,35.026706
Carya glabra,-85.593347,35.036733
Carya glabra,-87.144197,35.037815
Carya glabra,-84.150654,35.038142
Carya glabra,-83.422955,35.042484
Carya glabra,-92.695108,35.04588
Carya glabra,-83.740945,35.047292
Carya glabra,-82.6932,35.05
Carya glabra,-86.534004,35.063901
Carya glabra,-92.862585,35.071059
Carya glabra,-83.155544,35.073507
Carya glabra,-81.611549,35.076021
Carya glabra,-90.814205,35.082402
Carya glabra,-80.754282,35.10449
Carya glabra,-88.257948,35.11034
Carya glabra,-83.472329,35.111429
Carya glabra,-85.173378,35.111672
Carya glabra,-80.61967,35.120979
Carya glabra,-85.812973,35.1251
Carya glabra,-92.83907,35.127991
Carya glabra,-80.413573,35.130973
Carya glabra,-83.550177,35.132821
Carya glabra,-83.097987,35.134156
Carya glabra,-90.809907,35.135783
Carya glabra,-80.828195,35.138447
Carya glabra,-88.331955,35.139439
Carya glabra,-90.326461,35.146397
Carya glabra,-82.2755,35.148
Carya glabra,-84.797163,35.155347
Carya glabra,-85.308638,35.157177
Carya glabra,-93.6333,35.1667
Carya glabra,-83.174995,35.175192
Carya glabra,-84.844221,35.175463
Carya glabra,-83.467684,35.192528
Carya glabra,-84.879991,35.19976
Carya glabra,-82.604744,35.206553
Carya glabra,-85.918238,35.217586
Carya glabra,-85.216285,35.226792
Carya glabra,-93.255727,35.22885
Carya glabra,-79.80428,35.243005
Carya glabra,-87.333305,35.246453
Carya glabra,-81.3718,35.248711
Carya glabra,-80.660239,35.253883
Carya glabra,-89.784874,35.255489
Carya glabra,-82.673477,35.305298
Carya glabra,-85.083891,35.30946
Carya glabra,-87.756902,35.309879
Carya glabra,-80.80874,35.342289
Carya glabra,-85.023143,35.353385
Carya glabra,-92.273246,35.353824
Carya glabra,-80.074025,35.373705
Carya glabra,-77.953302,35.380064
Carya glabra,-78.752519,35.390211
Carya glabra,-88.761138,35.394798
Carya glabra,-80.871883,35.399186
Carya glabra,-80.645247,35.406842
Carya glabra,-93.08166,35.414286
Carya glabra,-82.392593,35.426123
Carya glabra,-82.253149,35.43106
Carya glabra,-80.008456,35.443697
Carya glabra,-84.155887,35.457499
Carya glabra,-82.361008,35.46135
Carya glabra,-78.906964,35.461547
Carya glabra,-86.046557,35.46511
Carya glabra,-86.115158,35.481138
Carya glabra,-93.172325,35.483353
Carya glabra,-80.83,35.49
Carya glabra,-79.181092,35.507311
Carya glabra,-82.507753,35.510628
Carya glabra,-83.310525,35.521564
Carya glabra,-82.416771,35.529552
Carya glabra,-80.635231,35.529672
Carya glabra,-80.902286,35.554352
Carya glabra,-93.432898,35.558131
Carya glabra,-90.722615,35.56327
Carya glabra,-80.40953,35.564719
Carya glabra,-78.807641,35.565377
Carya glabra,-84.57169,35.572847
Carya glabra,-78.466193,35.573418
Carya glabra,-82.338703,35.588529
Carya glabra,-80.923339,35.589439
Carya glabra,-87.391267,35.59388
Carya glabra,-86.696653,35.595483
Carya glabra,-80.442088,35.602542
Carya glabra,-78.689268,35.608604
Carya glabra,-82.537723,35.612032
Carya glabra,-84.191622,35.614591
Carya glabra,-82.445755,35.618612
Carya glabra,-79.811652,35.623169
Carya glabra,-92.593167,35.632308
Carya glabra,-83.942855,35.632725
Carya glabra,-78.848793,35.644151
Carya glabra,-78.534859,35.654056
Carya glabra,-87.607335,35.654971
Carya glabra,-78.668278,35.657842
Carya glabra,-81.412788,35.659088
Carya glabra,-79.08271,35.670118
Carya glabra,-83.587378,35.670427
Carya glabra,-83.716897,35.67266
Carya glabra,-78.754128,35.673711
Carya glabra,-83.51,35.68
Carya glabra,-78.2997,35.688562
Carya glabra,-82.043359,35.689996
Carya glabra,-79.030755,35.692136
Carya glabra,-83.899461,35.699408
Carya glabra,-81.623393,35.702797
Carya glabra,-83.386086,35.703694
Carya glabra,-82.771057,35.717107
Carya glabra,-78.753303,35.71769
Carya glabra,-85.359323,35.718148
Carya glabra,-79.508908,35.72304
Carya glabra,-80.39029,35.725207
Carya glabra,-78.338764,35.727281
Carya glabra,-78.829938,35.728273
Carya glabra,-79.105307,35.728858
Carya glabra,-78.570615,35.735254
Carya glabra,-78.716061,35.75652
Carya glabra,-78.429431,35.764153
Carya glabra,-78.638614,35.772096
Carya glabra,-86.579788,35.77251
Carya glabra,-95.25052,35.77584
Carya glabra,-84.92337,35.786037
Carya glabra,-78.856262,35.786808
Carya glabra,-78.527751,35.792776
Carya glabra,-78.678288,35.801086
Carya glabra,-78.806821,35.815257
Carya glabra,-90.633157,35.8208
Carya glabra,-88.125317,35.821877
Carya glabra,-87.857094,35.826886
Carya glabra,-79.222612,35.828095
Carya glabra,-79.057786,35.828712
Carya glabra,-90.736181,35.831903
Carya glabra,-83.805222,35.835739
Carya glabra,-90.675659,35.843183
Carya glabra,-79.95115,35.854799
Carya glabra,-80.097466,35.857949
Carya glabra,-83.584352,35.858972
Carya glabra,-86.393609,35.876615
Carya glabra,-79.063999,35.880113
Carya glabra,-78.875342,35.881853
Carya glabra,-78.969228,35.882159
Carya glabra,-84.047569,35.88951
Carya glabra,-78.583027,35.891058
Carya glabra,-78.689674,35.892646
Carya glabra,-84.159148,35.892737
Carya glabra,-87.46767,35.897106
Carya glabra,-95.238197,35.898877
Carya glabra,-84.714797,35.904403
Carya glabra,-79.06376,35.920328
Carya glabra,-78.918864,35.920478
Carya glabra,-78.599214,35.923482
Carya glabra,-93.162411,35.925952
Carya glabra,-83.20485,35.927012
Carya glabra,-76.271148,35.933046
Carya glabra,-76.575485,35.941441
Carya glabra,-87.317712,35.945855
Carya glabra,-94.596227,35.948203
Carya glabra,-79.026742,35.9487
Carya glabra,-84.999952,35.950622
Carya glabra,-83.95675,35.953619
Carya glabra,-85.410154,35.954536
Carya glabra,-86.998526,35.954719
Carya glabra,-84.040215,35.956192
Carya glabra,-79.422864,35.959399
Carya glabra,-85.814152,35.960619
Carya glabra,-83.588778,35.961865
Carya glabra,-79.267427,35.962334
Carya glabra,-84.281617,35.963215
Carya glabra,-81.94946,35.96347
Carya glabra,-85.508889,35.963889
Carya glabra,-79.098461,35.967055
Carya glabra,-80.790891,35.968463
Carya glabra,-78.96431,35.969437
Carya glabra,-81.108692,35.972354
Carya glabra,-78.487078,35.97552
Carya glabra,-79.708709,35.976984
Carya glabra,-78.557826,35.982943
Carya glabra,-80.661167,35.989973
Carya glabra,-79.049417,35.992895
Carya glabra,-78.898619,35.994033
Carya glabra,-79.208288,35.994457
Carya glabra,-84.1145,35.998087
Carya glabra,-89.85,36
Carya glabra,-80.429342,36.007528
Carya glabra,-86.379635,36.010651
Carya glabra,-78.975167,36.011633
Carya glabra,-86.683434,36.013317
Carya glabra,-80.532281,36.015692
Carya glabra,-81.149908,36.015756
Carya glabra,-78.489722,36.016041
Carya glabra,-78.9201,36.034403
Carya glabra,-79.0711,36.0361
Carya glabra,-79.187436,36.039743
Carya glabra,-90.671309,36.043472
Carya glabra,-83.581176,36.043478
Carya glabra,-84.151554,36.048063
Carya glabra,-79.746842,36.054201
Carya glabra,-79.299864,36.055369
Carya glabra,-86.79147,36.06029
Carya glabra,-79.118428,36.060439
Carya glabra,-83.704278,36.065333
Carya glabra,-78.85424,36.069626
Carya glabra,-79.006934,36.074798
Carya glabra,-94.162619,36.075092
Carya glabra,-79.824257,36.075165
Carya glabra,-94.325577,36.075593
Carya glabra,-87.253329,36.076943
Carya glabra,-86.903008,36.07782
Carya glabra,-86.550273,36.084742
Carya glabra,-80.150712,36.093467
Carya glabra,-82.450506,36.10532
Carya glabra,-79.494066,36.109011
Carya glabra,-84.814763,36.111583
Carya glabra,-86.790433,36.118905
Carya glabra,-79.82003,36.129186
Carya glabra,-86.869281,36.132547
Carya glabra,-79.486695,36.156417
Carya glabra,-79.868409,36.158518
Carya glabra,-78.969541,36.162012
Carya glabra,-80.519791,36.166577
Carya glabra,-83.145108,36.184452
Carya glabra,-78.554025,36.186028
Carya glabra,-79.093399,36.196304
Carya glabra,-93.558739,36.199303
Carya glabra,-83.803775,36.200603
Carya glabra,-81.613658,36.205014
Carya glabra,-82.789291,36.205652
Carya glabra,-79.753472,36.207183
Carya glabra,-86.564881,36.207946
Carya glabra,-93.172678,36.208618
Carya glabra,-80.412181,36.214588
Carya glabra,-83.753879,36.218871
Carya glabra,-84.085406,36.224536
Carya glabra,-82.433031,36.225677
Carya glabra,-79.311136,36.255402
Carya glabra,-83.421353,36.261771
Carya glabra,-86.90528,36.26964
Carya glabra,-83.25418,36.280702
Carya glabra,-93.855721,36.283556
Carya glabra,-83.756104,36.285865
Carya glabra,-93.976604,36.287986
Carya glabra,-80.374616,36.297687
Carya glabra,-79.3932,36.307031
Carya glabra,-86.82397,36.32225
Carya glabra,-86.63838,36.326629
Carya glabra,-82.060444,36.344353
Carya glabra,-82.767983,36.350771
Carya glabra,-95.067718,36.355525
Carya glabra,-79.182552,36.356643
Carya glabra,-81.364517,36.361141
Carya glabra,-94.231477,36.362625
Carya glabra,-79.078482,36.370179
Carya glabra,-87.02282,36.39455
Carya glabra,-80.255116,36.396765
Carya glabra,-81.610667,36.399556
Carya glabra,-79.155627,36.409623
Carya glabra,-83.633941,36.440503
Carya glabra,-93.082125,36.473842
Carya glabra,-81.856645,36.489464
Carya glabra,-90.075,36.493333
Carya glabra,-91.532961,36.493732
Carya glabra,-87.018753,36.51392
Carya glabra,-93.332887,36.514142
Carya glabra,-90.469544,36.516254
Carya glabra,-93.754167,36.548056
Carya glabra,-90.038889,36.55
Carya glabra,-93.159092,36.588226
Carya glabra,-79.968676,36.611592
Carya glabra,-86.186858,36.619103
Carya glabra,-88.312434,36.622497
Carya glabra,-92.641192,36.636988
Carya glabra,-93.218333,36.643611
Carya glabra,-87.295891,36.678154
Carya glabra,-88.77157,36.680629
Carya glabra,-93.207788,36.699418
Carya glabra,-90.113889,36.721111
Carya glabra,-91.664776,36.733059
Carya glabra,-88.1216,36.734
Carya glabra,-90.233333,36.75
Carya glabra,-91.741611,36.755312
Carya glabra,-76.126918,36.757664
Carya glabra,-81.506836,36.767126
Carya glabra,-94.370278,36.779722
Carya glabra,-88.066597,36.783813
Carya glabra,-89.957778,36.795833
Carya glabra,-88.168379,36.796688
Carya glabra,-88.040536,36.814487
Carya glabra,-89.085,36.84
Carya glabra,-90.306667,36.844444
Carya glabra,-88.087111,36.846113
Carya glabra,-88.193317,36.853308
Carya glabra,-89.888129,36.863648
Carya glabra,-87.91826,36.878704
Carya glabra,-76.049853,36.886431
Carya glabra,-89.851389,36.8975
Carya glabra,-88.036256,36.901008
Carya glabra,-76.196701,36.909322
Carya glabra,-93.385,36.918889
Carya glabra,-84.5653,36.9264
Carya glabra,-90.415,36.962778
Carya glabra,-90.330619,36.967175
Carya glabra,-76.633664,36.97751
Carya glabra,-88.566827,36.991909
Carya glabra,-79.46101,37.013493
Carya glabra,-91.088588,37.019412
Carya glabra,-89.548611,37.023889
Carya glabra,-86.05887,37.024492
Carya glabra,-84.082489,37.065737
Carya glabra,-76.478044,37.068714
Carya glabra,-82.981551,37.075927
Carya glabra,-94.51305,37.08416
Carya glabra,-93.069063,37.092168
Carya glabra,-89.25,37.1
Carya glabra,-92.258889,37.110833
Carya glabra,-79.287784,37.120108
Carya glabra,-92.033664,37.127165
Carya glabra,-90.703941,37.145469
Carya glabra,-94.463004,37.146448
Carya glabra,-90.898055,37.147222
Carya glabra,-93.310703,37.149795
Carya glabra,-88.732,37.1512
Carya glabra,-94.547241,37.15556
Carya glabra,-91.172778,37.164722
Carya glabra,-94.846269,37.169306
Carya glabra,-89.459444,37.176945
Carya glabra,-89.640278,37.191389
Carya glabra,-86.055438,37.19359
Carya glabra,-80.350379,37.212073
Carya glabra,-79.967226,37.215232
Carya glabra,-88.758066,37.229065
Carya glabra,-76.667145,37.247333
Carya glabra,-79.731899,37.248931
Carya glabra,-79.200248,37.271002
Carya glabra,-89.109155,37.277541
Carya glabra,-90.36466,37.28776
Carya glabra,-82.294486,37.294464
Carya glabra,-79.726674,37.294845
Carya glabra,-91.965565,37.305864
Carya glabra,-89.36604,37.31121
Carya glabra,-79.507709,37.320454
Carya glabra,-77.634856,37.323105
Carya glabra,-89.5056,37.3367
Carya glabra,-83.12984,37.349911
Carya glabra,-88.150284,37.351005
Carya glabra,-80.53806,37.35528
Carya glabra,-88.674732,37.359808
Carya glabra,-79.372641,37.361188
Carya glabra,-89.004107,37.373772
Carya glabra,-88.92566,37.37459
Carya glabra,-90.616667,37.416667
Carya glabra,-77.618998,37.418258
Carya glabra,-80.281563,37.430062
Carya glabra,-83.705775,37.432896
Carya glabra,-89.446944,37.434722
Carya glabra,-89.481433,37.461782
Carya glabra,-79.70223,37.463405
Carya glabra,-77.650952,37.465667
Carya glabra,-84.424972,37.483167
Carya glabra,-77.648929,37.513076
Carya glabra,-84.830367,37.515317
Carya glabra,-80.27416,37.52086
Carya glabra,-77.749749,37.523396
Carya glabra,-77.678262,37.54339
Carya glabra,-84.239635,37.554084
Carya glabra,-89.437236,37.556338
Carya glabra,-90.293889,37.559722
Carya glabra,-78.005226,37.56677
Carya glabra,-91.686111,37.569167
Carya glabra,-77.902602,37.593994
Carya glabra,-89.18908,37.598397
Carya glabra,-77.834913,37.599687
Carya glabra,-88.385778,37.602913
Carya glabra,-88.281206,37.603624
Carya glabra,-77.640382,37.60852
Carya glabra,-90.224167,37.622736
Carya glabra,-84.195189,37.632196
Carya glabra,-77.55945,37.634952
Carya glabra,-89.290987,37.639408
Carya glabra,-80.929829,37.640543
Carya glabra,-85.86704,37.642084
Carya glabra,-89.145872,37.64304
Carya glabra,-89.389581,37.680432
Carya glabra,-89.144707,37.69298
Carya glabra,-85.8314,37.6948
Carya glabra,-89.227612,37.710564
Carya glabra,-81.246463,37.723002
Carya glabra,-85.178115,37.734269
Carya glabra,-94.334167,37.741944
Carya glabra,-77.176043,37.744898
Carya glabra,-83.608536,37.779
Carya glabra,-90.5042,37.7995
Carya glabra,-88.693262,37.800158
Carya glabra,-94.301014,37.820714
Carya glabra,-90.23694,37.83166
Carya glabra,-89.502506,37.8331
Carya glabra,-89.335969,37.841862
Carya glabra,-89.22376,37.84848
Carya glabra,-92.014201,37.858949
Carya glabra,-80.494208,37.866089
Carya glabra,-78.330465,37.908438
Carya glabra,-80.651473,37.910979
Carya glabra,-91.970833,37.920278
Carya glabra,-75.482426,37.932561
Carya glabra,-91.76599,37.932592
Carya glabra,-83.935997,37.935856
Carya glabra,-90.931389,37.942778
Carya glabra,-89.798187,37.969891
Carya glabra,-78.89935,37.971764
Carya glabra,-76.432867,37.972955
Carya glabra,-91.755353,37.983037
Carya glabra,-84.47772,37.98869
Carya glabra,-98,38
Carya glabra,-79.035008,38.002902
Carya glabra,-77.630886,38.008889
Carya glabra,-77.814923,38.02836
Carya glabra,-78.522776,38.032916
Carya glabra,-75.6389,38.0364
Carya glabra,-88.204608,38.047554
Carya glabra,-87.568173,38.049672
Carya glabra,-78.665676,38.053477
Carya glabra,-78.484038,38.061278
Carya glabra,-85.577244,38.06797
Carya glabra,-78.143465,38.078019
Carya glabra,-81.773922,38.11623
Carya glabra,-83.614635,38.120081
Carya glabra,-83.235783,38.126133
Carya glabra,-90.145487,38.145149
Carya glabra,-83.503404,38.152549
Carya glabra,-85.785736,38.164167
Carya glabra,-84.921907,38.165055
Carya glabra,-93.027338,38.167963
Carya glabra,-92.547031,38.170527
Carya glabra,-75.44,38.1725
Carya glabra,-83.442269,38.174269
Carya glabra,-78.521622,38.182008
Carya glabra,-86.65,38.1971
Carya glabra,-90.000549,38.212444
Carya glabra,-78.741657,38.221778
Carya glabra,-85.41009,38.237745
Carya glabra,-75.4647,38.24
Carya glabra,-90.39583,38.24211
Carya glabra,-83.374528,38.246761
Carya glabra,-76.487342,38.24712
Carya glabra,-77.468631,38.24717
Carya glabra,-82.199316,38.255886
Carya glabra,-93.167692,38.268481
Carya glabra,-77.482639,38.289261
Carya glabra,-85.99403,38.29444
Carya glabra,-81.742609,38.297942
Carya glabra,-78.595046,38.318716
Carya glabra,-82.91354,38.324112
Carya glabra,-77.631788,38.327769
Carya glabra,-77.770944,38.338072
Carya glabra,-78.0292,38.3419
Carya glabra,-84.646746,38.343897
Carya glabra,-77.504353,38.359192
Carya glabra,-78.465039,38.360535
Carya glabra,-82.409038,38.39964
Carya glabra,-90.106457,38.403079
Carya glabra,-85.367762,38.404307
Carya glabra,-82.287409,38.407333
Carya glabra,-78.578387,38.411602
Carya glabra,-77.491611,38.415341
Carya glabra,-94.7891,38.42067
Carya glabra,-76.486627,38.42115
Carya glabra,-78.830022,38.423817
Carya glabra,-81.982024,38.434741
Carya glabra,-77.756788,38.455088
Carya glabra,-93.19295,38.456819
Carya glabra,-90.156121,38.462931
Carya glabra,-90.820629,38.466708
Carya glabra,-90.741389,38.481945
Carya glabra,-86.145902,38.489537
Carya glabra,-90.67583,38.50361
Carya glabra,-85.858282,38.517858
Carya glabra,-90.894216,38.522169
Carya glabra,-75.7222,38.5264
Carya glabra,-78.438853,38.527485
Carya glabra,-90.636111,38.5325
Carya glabra,-75.570284,38.557444
Carya glabra,-92.287124,38.559861
Carya glabra,-85.739738,38.572327
Carya glabra,-77.258689,38.590729
Carya glabra,-78.390738,38.592322
Carya glabra,-90.4917,38.6175
Carya glabra,-76.862629,38.630912
Carya glabra,-78.385327,38.641128
Carya glabra,-89.972954,38.642911
Carya glabra,-77.2459,38.6466
Carya glabra,-84.729593,38.649297
Carya glabra,-75.79805,38.6535
Carya glabra,-75.303761,38.654483
Carya glabra,-77.959987,38.659983
Carya glabra,-90.783835,38.662408
Carya glabra,-85.149389,38.666808
Carya glabra,-77.82192,38.687192
Carya glabra,-85.47361,38.71417
Carya glabra,-77.1103,38.7189
Carya glabra,-75.748441,38.729309
Carya glabra,-77.753163,38.736297
Carya glabra,-83.182216,38.738911
Carya glabra,-82.858042,38.741343
Carya glabra,-88.044798,38.748395
Carya glabra,-77.304326,38.763481
Carya glabra,-75.249592,38.763875
Carya glabra,-76.964998,38.770999
Carya glabra,-77.799083,38.780759
Carya glabra,-78.05107,38.790316
Carya glabra,-77.7208,38.8014
Carya glabra,-77.426984,38.802292
Carya glabra,-76.536902,38.802616
Carya glabra,-77.539788,38.802848
Carya glabra,-77.0067,38.8169
Carya glabra,-77.305637,38.82396
Carya glabra,-77.227219,38.829027
Carya glabra,-78.300383,38.841671
Carya glabra,-77.668105,38.847358
Carya glabra,-77.185197,38.857481
Carya glabra,-77.328812,38.85755
Carya glabra,-77.498381,38.858756
Carya glabra,-77.117243,38.862461
Carya glabra,-78.0433,38.8644
Carya glabra,-76.961503,38.866188
Carya glabra,-77.431506,38.867268
Carya glabra,-80.299875,38.870226
Carya glabra,-85.772902,38.875186
Carya glabra,-94.884308,38.881378
Carya glabra,-94.237724,38.885564
Carya glabra,-76.560193,38.885634
Carya glabra,-77.019997,38.889999
Carya glabra,-78.610472,38.890239
Carya glabra,-77.195832,38.893764
Carya glabra,-78.193058,38.899049
Carya glabra,-77.45521,38.899082
Carya glabra,-77.682859,38.903302
Carya glabra,-76.9664,38.9103
Carya glabra,-84.455644,38.910668
Carya glabra,-77.126186,38.911694
Carya glabra,-79.757222,38.9175
Carya glabra,-80.153404,38.92008
Carya glabra,-79.864631,38.92072
Carya glabra,-92.352479,38.924601
Carya glabra,-77.0528,38.9253
Carya glabra,-76.828903,38.926862
Carya glabra,-94.245335,38.927961
Carya glabra,-84.401672,38.933679
Carya glabra,-77.285125,38.938675
Carya glabra,-94.613376,38.941402
Carya glabra,-92.451697,38.946652
Carya glabra,-92.308835,38.946798
Carya glabra,-88.258056,38.946944
Carya glabra,-76.983532,38.950567
Carya glabra,-78.01835,38.95132
Carya glabra,-75.934604,38.953176
Carya glabra,-77.1767,38.9694
Carya glabra,-78.11219,38.969666
Carya glabra,-77.406226,38.976384
Carya glabra,-75.792246,38.984943
Carya glabra,-76.932403,38.988972
Carya glabra,-77.246972,38.990228
Carya glabra,-77.0264,38.9906
Carya glabra,-95.272534,38.991176
Carya glabra,-76,39
Carya glabra,-82.654804,39.005306
Carya glabra,-78.946132,39.010236
Carya glabra,-94.1983,39.015
Carya glabra,-77.164503,39.015047
Carya glabra,-94.73948,39.023987
Carya glabra,-77.009286,39.03396
Carya glabra,-78.557872,39.043539
Carya glabra,-86.617068,39.044098
Carya glabra,-86.427683,39.050783
Carya glabra,-76.632558,39.051084
Carya glabra,-77.335345,39.055278
Carya glabra,-78.053255,39.060251
Carya glabra,-84.361603,39.061395
Carya glabra,-77.252908,39.06182
Carya glabra,-78.189218,39.072113
Carya glabra,-77.159825,39.075388
Carya glabra,-80.126667,39.093889
Carya glabra,-82.01028,39.093982
Carya glabra,-80.469874,39.099734
Carya glabra,-77.4775,39.1011
Carya glabra,-84.66319,39.10263
Carya glabra,-95.01363,39.106459
Carya glabra,-77.10617,39.11145
Carya glabra,-77.69494,39.112605
Carya glabra,-77.5639,39.1156
Carya glabra,-94.386011,39.125459
Carya glabra,-78.47477,39.131122
Carya glabra,-84.539283,39.134314
Carya glabra,-77.027656,39.140356
Carya glabra,-76.860939,39.141439
Carya glabra,-86.599262,39.142462
Carya glabra,-77.759592,39.144875
Carya glabra,-82.256988,39.154376
Carya glabra,-74.77855,39.164028
Carya glabra,-94.451111,39.165833
Carya glabra,-78.187758,39.166546
Carya glabra,-92.441298,39.175694
Carya glabra,-84.219525,39.182833
Carya glabra,-75.548889,39.188056
Carya glabra,-84.92729,39.19111
Carya glabra,-78.113457,39.197873
Carya glabra,-86.064619,39.19982
Carya glabra,-84.48755,39.202388
Carya glabra,-77.1878,39.2033
Carya glabra,-81.051777,39.209524
Carya glabra,-77.546763,39.2115
Carya glabra,-84.280258,39.213778
Carya glabra,-77.085167,39.216976
Carya glabra,-94.517102,39.217011
Carya glabra,-84.140155,39.238231
Carya glabra,-75.053896,39.245946
Carya glabra,-84.751724,39.251491
Carya glabra,-91.0012,39.254
Carya glabra,-77.289421,39.255548
Carya glabra,-82.385246,39.259264
Carya glabra,-77.740967,39.280833
Carya glabra,-82.060364,39.287663
Carya glabra,-78.165274,39.30798
Carya glabra,-84.320825,39.3128
Carya glabra,-82.101921,39.317001
Carya glabra,-77.725598,39.325541
Carya glabra,-82.002869,39.32942
Carya glabra,-77.242067,39.335903
Carya glabra,-83.057026,39.337628
Carya glabra,-75.6847,39.3403
Carya glabra,-95.45016,39.34187
Carya glabra,-82.060982,39.35041
Carya glabra,-82.265154,39.353132
Carya glabra,-79.231712,39.365037
Carya glabra,-90.905,39.370556
Carya glabra,-82.503159,39.379733
Carya glabra,-75.122392,39.3808
Carya glabra,-82.067405,39.386217
Carya glabra,-79.481138,39.390567
Carya glabra,-88.153095,39.402248
Carya glabra,-78.300941,39.403197
Carya glabra,-84.664664,39.40664
Carya glabra,-77.639892,39.415928
Carya glabra,-80.271922,39.419639
Carya glabra,-84.117736,39.42386
Carya glabra,-82.549157,39.424528
Carya glabra,-76.442255,39.43826
Carya glabra,-82.214101,39.44458
Carya glabra,-76.550859,39.446853
Carya glabra,-92.391623,39.448154
Carya glabra,-76.664526,39.454541
Carya glabra,-79.169572,39.460342
Carya glabra,-74.450624,39.46607
Carya glabra,-88.174444,39.475833
Carya glabra,-86.087775,39.479669
Carya glabra,-86.43055,39.48638
Carya glabra,-76.599092,39.489575
Carya glabra,-86.0188,39.493524
Carya glabra,-76.795259,39.506022
Carya glabra,-86.497496,39.515311
Carya glabra,-85.564826,39.53129
Carya glabra,-76.743653,39.532937
Carya glabra,-76.509338,39.536956
Carya glabra,-78.258635,39.549094
Carya glabra,-79.18183,39.551163
Carya glabra,-82.029609,39.561682
Carya glabra,-74.93438,39.567615
Carya glabra,-82.198204,39.568282
Carya glabra,-82.768906,39.568546
Carya glabra,-77.518315,39.569766
Carya glabra,-76.105632,39.596528
Carya glabra,-79.083158,39.59905
Carya glabra,-75.168196,39.600081
Carya glabra,-76.65257,39.600466
Carya glabra,-80.244053,39.600855
Carya glabra,-74.583962,39.608975
Carya glabra,-77.412192,39.612987
Carya glabra,-86.119574,39.614865
Carya glabra,-76.7546,39.623395
Carya glabra,-79.960605,39.624438
Carya glabra,-86.595491,39.631708
Carya glabra,-76.655796,39.639737
Carya glabra,-84.41948,39.645788
Carya glabra,-76.779976,39.656459
Carya glabra,-77.4239,39.6619
Carya glabra,-78.806545,39.673229
Carya glabra,-76.493552,39.680764
Carya glabra,-75.2868,39.6877
Carya glabra,-76.80371,39.693765
Carya glabra,-91.358482,39.708379
Carya glabra,-78.153433,39.72847
Carya glabra,-78.33333,39.73333
Carya glabra,-75.53011,39.734595
Carya glabra,-79.892242,39.73916
Carya glabra,-75.635484,39.747612
Carya glabra,-76.81222,39.750479
Carya glabra,-84.636479,39.76577
Carya glabra,-75.138186,39.780574
Carya glabra,-75.770137,39.789669
Carya glabra,-75.956169,39.792803
Carya glabra,-76.920822,39.793025
Carya glabra,-76.291,39.797
Carya glabra,-82.65439,39.79947
Carya glabra,-76.066894,39.806773
Carya glabra,-75.097386,39.811599
Carya glabra,-79.492261,39.813765
Carya glabra,-75.672825,39.817615
Carya glabra,-76.40667,39.83222
Carya glabra,-89.6492,39.8339
Carya glabra,-76.3288,39.83461
Carya glabra,-77.823555,39.858749
Carya glabra,-77.543742,39.865818
Carya glabra,-79.497838,39.868906
Carya glabra,-76.706053,39.870232
Carya glabra,-83.769948,39.87085
Carya glabra,-75.591318,39.871777
Carya glabra,-78.503907,39.873753
Carya glabra,-84.080881,39.878657
Carya glabra,-91.406152,39.884666
Carya glabra,-76.282861,39.895499
Carya glabra,-80.17923,39.896464
Carya glabra,-76.548963,39.896645
Carya glabra,-75.057145,39.900115
Carya glabra,-86.145045,39.907901
Carya glabra,-85.852862,39.927155
Carya glabra,-75.273796,39.928446
Carya glabra,-76.315255,39.934969
Carya glabra,-86.06617,39.943681
Carya glabra,-76.140574,39.944279
Carya glabra,-75.202681,39.946677
Carya glabra,-77.33963,39.947911
Carya glabra,-75.445714,39.947931
Carya glabra,-81.441765,39.950567
Carya glabra,-82.952716,39.959528
Carya glabra,-89.723994,39.960883
Carya glabra,-75.720722,39.967424
Carya glabra,-76.650656,39.975258
Carya glabra,-75.379182,39.979842
Carya glabra,-76.18444,39.98306
Carya glabra,-76.010704,39.983573
Carya glabra,-74.771905,39.987112
Carya glabra,-75.243237,39.989279
Carya glabra,-76.566216,39.994852
Carya glabra,-76.70694,39.99694
Carya glabra,-75.838633,39.99777
Carya glabra,-76.355694,39.998849
Carya glabra,-83.05258,40.005367
Carya glabra,-86.137564,40.005456
Carya glabra,-87.507707,40.006967
Carya glabra,-75.535336,40.009472
Carya glabra,-75.294352,40.013167
Carya glabra,-78.635556,40.018333
Carya glabra,-90.4357,40.0196
Carya glabra,-86.006829,40.020173
Carya glabra,-83.191646,40.021941
Carya glabra,-75.19303,40.030228
Carya glabra,-84.21768,40.03072
Carya glabra,-75.052171,40.043021
Carya glabra,-75.682021,40.0431
Carya glabra,-80.971786,40.045552
Carya glabra,-77.898589,40.050811
Carya glabra,-76.431046,40.053198
Carya glabra,-78.316362,40.054574
Carya glabra,-78.8278,40.058135
Carya glabra,-82.718287,40.059756
Carya glabra,-82.161531,40.05979
Carya glabra,-80.408627,40.059984
Carya glabra,-77.84264,40.065308
Carya glabra,-75.382645,40.067947
Carya glabra,-75.224875,40.06798
Carya glabra,-83.002314,40.072926
Carya glabra,-78.913079,40.074245
Carya glabra,-76.883675,40.079895
Carya glabra,-75.298212,40.090786
Carya glabra,-74.686675,40.091478
Carya glabra,-77.168567,40.092009
Carya glabra,-75.478317,40.093492
Carya glabra,-76.324594,40.096615
Carya glabra,-79.586983,40.100351
Carya glabra,-75.419632,40.110662
Carya glabra,-87.735858,40.116703
Carya glabra,-78.867275,40.116951
Carya glabra,-75.24237,40.11922
Carya glabra,-82.892393,40.122882
Carya glabra,-79.290278,40.129167
Carya glabra,-78.81339,40.133759
Carya glabra,-75.35578,40.139678
Carya glabra,-75.6187,40.14481
Carya glabra,-78.426312,40.14636
Carya glabra,-75.077409,40.147045
Carya glabra,-75.290847,40.152064
Carya glabra,-80.433203,40.172242
Carya glabra,-75.680201,40.180432
Carya glabra,-78.575689,40.180627
Carya glabra,-77.927145,40.186822
Carya glabra,-88.399816,40.191906
Carya glabra,-83.035397,40.195763
Carya glabra,-75.397174,40.199561
Carya glabra,-75.24955,40.201569
Carya glabra,-85.415147,40.202834
Carya glabra,-80.00698,40.20549
Carya glabra,-78.835908,40.205711
Carya glabra,-74.4764,40.2058
Carya glabra,-74.035416,40.220946
Carya glabra,-78.087227,40.225962
Carya glabra,-77.286055,40.231308
Carya glabra,-75.117175,40.249014
Carya glabra,-80.006885,40.253425
Carya glabra,-74.339167,40.257778
Carya glabra,-79.344848,40.26152
Carya glabra,-74.731944,40.267778
Carya glabra,-74.986405,40.272733
Carya glabra,-75.359402,40.274823
Carya glabra,-79.512054,40.280959
Carya glabra,-75.287992,40.28486
Carya glabra,-79.236159,40.296044
Carya glabra,-74.88512,40.299298
Carya glabra,-79.466962,40.310726
Carya glabra,-77.000534,40.3123
Carya glabra,-74.378119,40.315147
Carya glabra,-74.092826,40.331453
Carya glabra,-76.030181,40.333358
Carya glabra,-75.926875,40.335648
Carya glabra,-79.869771,40.335903
Carya glabra,-82.789224,40.349945
Carya glabra,-74.658875,40.350419
Carya glabra,-86.890892,40.353017
Carya glabra,-75.304898,40.353993
Carya glabra,-82.917817,40.359761
Carya glabra,-81.791519,40.364235
Carya glabra,-79.26482,40.36571
Carya glabra,-75.688907,40.371037
Carya glabra,-91.630132,40.38917
Carya glabra,-74.010723,40.389234
Carya glabra,-79.94394,40.405347
Carya glabra,-85.346701,40.406726
Carya glabra,-74.50241,40.408055
Carya glabra,-79.721156,40.409235
Carya glabra,-80.171944,40.411111
Carya glabra,-75.350706,40.420744
Carya glabra,-86.974842,40.424653
Carya glabra,-75.071364,40.43099
Carya glabra,-79.87714,40.43176
Carya glabra,-74.609481,40.43329
Carya glabra,-79.607103,40.437951
Carya glabra,-74.458047,40.438462
Carya glabra,-77.002167,40.439613
Carya glabra,-89.9,40.44
Carya glabra,-80.784758,40.443578
Carya glabra,-74.703962,40.458308
Carya glabra,-75.463856,40.464104
Carya glabra,-74.42016,40.474638
Carya glabra,-80.018969,40.476759
Carya glabra,-76.886296,40.498019
Carya glabra,-76.646802,40.498099
Carya glabra,-74.560967,40.498253
Carya glabra,-84.9353,40.4994
Carya glabra,-88.932019,40.503187
Carya glabra,-79.415319,40.51363
Carya glabra,-75.100385,40.514057
Carya glabra,-75.515588,40.514444
Carya glabra,-74.438438,40.515943
Carya glabra,-80.446622,40.520159
Carya glabra,-74.2157,40.523994
Carya glabra,-77.188667,40.53326
Carya glabra,-75.605743,40.537282
Carya glabra,-74.166006,40.539842
Carya glabra,-80.106442,40.547016
Carya glabra,-76.336996,40.548413
Carya glabra,-75.374214,40.551422
Carya glabra,-77.543349,40.556585
Carya glabra,-75.126856,40.560185
Carya glabra,-83.158903,40.56254
Carya glabra,-74.12307,40.563177
Carya glabra,-76.926112,40.571078
Carya glabra,-74.609788,40.572057
Carya glabra,-83.093964,40.572088
Carya glabra,-74.843684,40.573585
Carya glabra,-80.141143,40.578792
Carya glabra,-74.545804,40.581711
Carya glabra,-75.430092,40.581751
Carya glabra,-80.215945,40.582996
Carya glabra,-81.199619,40.586481
Carya glabra,-73.961861,40.5865
Carya glabra,-75.6538,40.592524
Carya glabra,-79.992522,40.594625
Carya glabra,-75.5131,40.59556
Carya glabra,-74.087086,40.595938
Carya glabra,-73.796681,40.597087
Carya glabra,-75.37113,40.598123
Carya glabra,-78.6376,40.600159
Carya glabra,-79.172076,40.600542
Carya glabra,-76.212149,40.602587
Carya glabra,-74.14994,40.616356
Carya glabra,-74.59631,40.617156
Carya glabra,-74.038731,40.618736
Carya glabra,-74.808,40.624
Carya glabra,-87.627036,40.627957
Carya glabra,-73.963826,40.628392
Carya glabra,-80.093734,40.63129
Carya glabra,-78.776361,40.633894
Carya glabra,-75.96611,40.635
Carya glabra,-74.450986,40.63788
Carya glabra,-79.75833,40.63872
Carya glabra,-78.100389,40.646761
Carya glabra,-73.742634,40.659352
Carya glabra,-73.997165,40.661077
Carya glabra,-73.841249,40.663871
Carya glabra,-75.673326,40.664319
Carya glabra,-74.573812,40.66521
Carya glabra,-78.572126,40.665507
Carya glabra,-75.543419,40.669848
Carya glabra,-74.407712,40.671503
Carya glabra,-80.105701,40.67387
Carya glabra,-77.86503,40.68437
Carya glabra,-75.220732,40.688432
Carya glabra,-81.564753,40.690216
Carya glabra,-74.520066,40.691445
Carya glabra,-73.805689,40.691492
Carya glabra,-73.908204,40.697555
Carya glabra,-79.718082,40.703165
Carya glabra,-75.596115,40.704787
Carya glabra,-73.745849,40.709866
Carya glabra,-75.407592,40.715404
Carya glabra,-73.457815,40.717441
Carya glabra,-80.345084,40.720854
Carya glabra,-73.191847,40.726644
Carya glabra,-74.301558,40.730737
Carya glabra,-75.158,40.733
Carya glabra,-73.879772,40.733711
Carya glabra,-74.555204,40.741536
Carya glabra,-73.707366,40.741799
Carya glabra,-73.981,40.7482
Carya glabra,-73.151928,40.750612
Carya glabra,-73.587627,40.755656
Carya glabra,-85.681042,40.756157
Carya glabra,-73.79044,40.758256
Carya glabra,-82.515447,40.75839
Carya glabra,-73.924515,40.760323
Carya glabra,-74.442681,40.761255
Carya glabra,-74.71128,40.761864
Carya glabra,-73.529732,40.765168
Carya glabra,-85.21221,40.769393
Carya glabra,-78.043743,40.772895
Carya glabra,-74.256667,40.776063
Carya glabra,-77.685555,40.776335
Carya glabra,-73.430842,40.778472
Carya glabra,-73.854376,40.78393
Carya glabra,-83.896428,40.785347
Carya glabra,-75.605187,40.791507
Carya glabra,-82.785817,40.792674
Carya glabra,-73.960728,40.795003
Carya glabra,-76.862194,40.798974
Carya glabra,-77.942363,40.803119
Carya glabra,-75.297156,40.810547
Carya glabra,-82.02343,40.81393
Carya glabra,-81.48636,40.817281
Carya glabra,-79.52733,40.82246
Carya glabra,-73.4275,40.8264
Carya glabra,-73.850848,40.829672
Carya glabra,-74.573204,40.838181
Carya glabra,-82.100152,40.839224
Carya glabra,-74.829002,40.840457
Carya glabra,-74.4957,40.8448
Carya glabra,-73.935415,40.8501
Carya glabra,-82.339168,40.855217
Carya glabra,-75.633047,40.857647
Carya glabra,-74.156889,40.857784
Carya glabra,-77.271925,40.86063
Carya glabra,-73.878328,40.862034
Carya glabra,-76.79441,40.862585
Carya glabra,-80.13081,40.86275
Carya glabra,-73.153001,40.867305
Carya glabra,-73.805467,40.870396
Carya glabra,-73.33133,40.876484
Carya glabra,-73.40748,40.879836
Carya glabra,-78.200234,40.881074
Carya glabra,-81.352367,40.884844
Carya glabra,-73.895988,40.897771
Carya glabra,-74.006958,40.899205
Carya glabra,-75.615092,40.899992
Carya glabra,-81.788089,40.905658
Carya glabra,-73.133847,40.909313
Carya glabra,-74.617201,40.910166
Carya glabra,-74.750405,40.920382
Carya glabra,-80.686079,40.923682
Carya glabra,-75.196512,40.935414
Carya glabra,-72.405065,40.941521
Carya glabra,-74.005451,40.942743
Carya glabra,-74.377792,40.945028
Carya glabra,-74.486262,40.947508
Carya glabra,-79.319579,40.949146
Carya glabra,-72.842602,40.950376
Carya glabra,-73.920037,40.952388
Carya glabra,-80.0346,40.9596
Carya glabra,-74.605227,40.962738
Carya glabra,-74.5517,40.9751
Carya glabra,-81.518786,40.975267
Carya glabra,-73.824243,40.975782
Carya glabra,-74.868187,40.978056
Carya glabra,-75.142956,40.979262
Carya glabra,-76.988301,40.983695
Carya glabra,-74.742109,40.985931
Carya glabra,-78.461076,40.996217
Carya glabra,-73.213117,40.996569
Carya glabra,-74.285726,41.001553
Carya glabra,-80.764147,41.003535
Carya glabra,-82.656484,41.006274
Carya glabra,-91.951243,41.007568
Carya glabra,-81.581366,41.009244
Carya glabra,-72.205687,41.030578
Carya glabra,-74.638495,41.033431
Carya glabra,-74.156679,41.039485
Carya glabra,-74.983141,41.040523
Carya glabra,-74.563576,41.055128
Carya glabra,-73.437843,41.062416
Carya glabra,-75.319906,41.065924
Carya glabra,-75.915081,41.06657
Carya glabra,-72.316509,41.068422
Carya glabra,-74.837395,41.069802
Carya glabra,-80.778811,41.073152
Carya glabra,-81.298042,41.07401
Carya glabra,-73.836801,41.081341
Carya glabra,-85.262234,41.082027
Carya glabra,-74.624072,41.098247
Carya glabra,-73.449232,41.105614
Carya glabra,-75.175596,41.105853
Carya glabra,-85.222817,41.106178
Carya glabra,-73.922373,41.118916
Carya glabra,-73.812003,41.119009
Carya glabra,-74.228811,41.120753
Carya glabra,-79.54088,41.127285
Carya glabra,-80.061451,41.137341
Carya glabra,-73.260293,41.140949
Carya glabra,-76.541582,41.14237
Carya glabra,-81.110408,41.144166
Carya glabra,-73.378796,41.14621
Carya glabra,-81.424547,41.147852
Carya glabra,-73.1125,41.15388
Carya glabra,-74.80447,41.156822
Carya glabra,-75.2917,41.1583
Carya glabra,-79.083092,41.161175
Carya glabra,-74.31226,41.166012
Carya glabra,-73.20472,41.16694
Carya glabra,-74.126043,41.169996
Carya glabra,-82.613673,41.174365
Carya glabra,-74.426,41.175
Carya glabra,-73.60261,41.17858
Carya glabra,-93.611097,41.178803
Carya glabra,-81.652301,41.181385
Carya glabra,-73.735464,41.184772
Carya glabra,-78.612653,41.194835
Carya glabra,-81.429035,41.20027
Carya glabra,-73.13027,41.20444
Carya glabra,-78.966608,41.206979
Carya glabra,-74.087958,41.209053
Carya glabra,-73.55979,41.219936
Carya glabra,-81.51207,41.22078
Carya glabra,-85.155921,41.221255
Carya glabra,-81.24005,41.223089
Carya glabra,-73.06117,41.22433
Carya glabra,-73.371205,41.22496
Carya glabra,-75.818687,41.225348
Carya glabra,-73.44481,41.230374
Carya glabra,-74.135443,41.239159
Carya glabra,-79.724538,41.239622
Carya glabra,-81.567646,41.244337
Carya glabra,-72.757495,41.244727
Carya glabra,-77.025416,41.246067
Carya glabra,-74.722558,41.246175
Carya glabra,-76.073862,41.248361
Carya glabra,-81.994472,41.248686
Carya glabra,-84.885309,41.251997
Carya glabra,-74.236792,41.254365
Carya glabra,-74.414345,41.26339
Carya glabra,-72.161163,41.264911
Carya glabra,-73.885469,41.26614
Carya glabra,-71.98222,41.27305
Carya glabra,-72.967,41.274
Carya glabra,-72.80027,41.27777
Carya glabra,-70.066322,41.279043
Carya glabra,-73.57336,41.28072
Carya glabra,-73.49805,41.28138
Carya glabra,-81.64887,41.282789
Carya glabra,-81.734333,41.29384
Carya glabra,-72.213963,41.294463
Carya glabra,-83.183452,41.295132
Carya glabra,-83.444708,41.295243
Carya glabra,-74.734754,41.295257
Carya glabra,-72.533308,41.302828
Carya glabra,-81.994655,41.303857
Carya glabra,-72.920823,41.305111
Carya glabra,-81.38994,41.306158
Carya glabra,-73.755429,41.310392
Carya glabra,-78.04654,41.310546
Carya glabra,-72.03583,41.31416
Carya glabra,-81.490668,41.316336
Carya glabra,-74.666667,41.316667
Carya glabra,-73.592847,41.324137
Carya glabra,-73.258828,41.326153
Carya glabra,-81.295347,41.327511
Carya glabra,-74.01028,41.328719
Carya glabra,-79.038108,41.331394
Carya glabra,-74.754444,41.331944
Carya glabra,-72.567222,41.333695
Carya glabra,-75.65909,41.333777
Carya glabra,-72.7005,41.3348
Carya glabra,-83.627143,41.336889
Carya glabra,-72.95138,41.33777
Carya glabra,-76.944712,41.343147
Carya glabra,-73.12722,41.34388
Carya glabra,-81.587046,41.349999
Carya glabra,-75.776856,41.353407
Carya glabra,-73.661672,41.355867
Carya glabra,-72.76805,41.35694
Carya glabra,-71.981427,41.358322
Carya glabra,-87.228183,41.360482
Carya glabra,-87.442262,41.368016
Carya glabra,-74.661462,41.371645
Carya glabra,-70.47447,41.375118
Carya glabra,-72.130035,41.381784
Carya glabra,-73.945694,41.383983
Carya glabra,-81.73683,41.384672
Carya glabra,-73.817445,41.384964
Carya glabra,-72.948889,41.386708
Carya glabra,-75.666425,41.38913
Carya glabra,-79.649255,41.394361
Carya glabra,-70.69825,41.395195
Carya glabra,-85.417467,41.3986
Carya glabra,-72.447227,41.399357
Carya glabra,-73.4705,41.4014
Carya glabra,-74.010418,41.407872
Carya glabra,-73.115183,41.411238
Carya glabra,-71.903896,41.41153
Carya glabra,-73.562892,41.412189
Carya glabra,-73.20666,41.41305
Carya glabra,-72.778077,41.413768
Carya glabra,-75.252191,41.415167
Carya glabra,-72.99705,41.421764
Carya glabra,-74.09828,41.422925
Carya glabra,-83.83525,41.428938
Carya glabra,-73.972788,41.444574
Carya glabra,-74.42333,41.44583
Carya glabra,-72.795358,41.4485
Carya glabra,-73.61,41.45
Carya glabra,-72.91137,41.45239
Carya glabra,-71.893232,41.454753
Carya glabra,-71.534,41.45927
Carya glabra,-72.03638,41.46388
Carya glabra,-72.46944,41.46722
Carya glabra,-74.538493,41.473427
Carya glabra,-73.23472,41.47361
Carya glabra,-75.259479,41.475896
Carya glabra,-75.067377,41.482391
Carya glabra,-72.36365,41.485091
Carya glabra,-71.81277,41.48888
Carya glabra,-81.573725,41.493449
Carya glabra,-83.602168,41.496616
Carya glabra,-73.41388,41.4975
Carya glabra,-72.95689,41.508559
Carya glabra,-74.227415,41.531764
Carya glabra,-80.183477,41.533179
Carya glabra,-72.7945,41.5368
Carya glabra,-73.099322,41.537413
Carya glabra,-74.5105,41.543333
Carya glabra,-72.65416,41.54833
Carya glabra,-72.08805,41.55027
Carya glabra,-81.534008,41.557003
Carya glabra,-82.850301,41.558223
Carya glabra,-73.03601,41.55826
Carya glabra,-81.446472,41.558404
Carya glabra,-72.84416,41.56222
Carya glabra,-83.431109,41.56256
Carya glabra,-86.974211,41.565948
Carya glabra,-74.029058,41.571216
Carya glabra,-72.573083,41.575615
Carya glabra,-72.732437,41.579757
Carya glabra,-75.25703,41.580913
Carya glabra,-73.45694,41.58805
Carya glabra,-71.789444,41.596944
Carya glabra,-72.489906,41.598881
Carya glabra,-73.876481,41.603322
Carya glabra,-72.88,41.6049
Carya glabra,-75.801694,41.605969
Carya glabra,-73.618553,41.607217
Carya glabra,-83.425745,41.607981
Carya glabra,-73.114207,41.612052
Carya glabra,-71.42938,41.61873
Carya glabra,-73.576715,41.638128
Carya glabra,-85.89989,41.638853
Carya glabra,-73.311964,41.640058
Carya glabra,-71.123169,41.641113
Carya glabra,-80.131726,41.644222
Carya glabra,-72.980926,41.645387
Carya glabra,-71.71731,41.65121
Carya glabra,-72.598336,41.653386
Carya glabra,-82.82074,41.65422
Carya glabra,-72.785975,41.654517
Carya glabra,-81.064704,41.65956
Carya glabra,-73.70711,41.659893
Carya glabra,-80.423956,41.675002
Carya glabra,-71.915,41.67638
Carya glabra,-73.920288,41.676937
Carya glabra,-85.713904,41.680691
Carya glabra,-79.46131,41.685046
Carya glabra,-73.2081,41.6897
Carya glabra,-71.68277,41.7
Carya glabra,-72.67036,41.70119
Carya glabra,-71.239278,41.701294
Carya glabra,-70.275189,41.708183
Carya glabra,-72.608146,41.712322
Carya glabra,-72.838827,41.718113
Carya glabra,-74.22085,41.72061
Carya glabra,-73.960138,41.720927
Carya glabra,-85.371011,41.723768
Carya glabra,-73.045671,41.724418
Carya glabra,-73.227723,41.730566
Carya glabra,-72.05722,41.73222
Carya glabra,-87.677179,41.733542
Carya glabra,-74.14158,41.74133
Carya glabra,-92.722412,41.743049
Carya glabra,-73.877799,41.743583
Carya glabra,-73.47888,41.75472
Carya glabra,-70.116302,41.75675
Carya glabra,-72.791447,41.757207
Carya glabra,-72.21027,41.75944
Carya glabra,-72.445603,41.760475
Carya glabra,-72.6153,41.7635
Carya glabra,-71.475129,41.767815
Carya glabra,-73.585167,41.7779
Carya glabra,-72.33944,41.78444
Carya glabra,-74.11091,41.78539
Carya glabra,-72.562462,41.785675
Carya glabra,-71.95555,41.78777
Carya glabra,-72.83222,41.79222
Carya glabra,-72.24015,41.79535
Carya glabra,-85.419167,41.799167
Carya glabra,-71.74138,41.80361
Carya glabra,-86.720318,41.803652
Carya glabra,-88.085339,41.812227
Carya glabra,-71.120323,41.81399
Carya glabra,-74.174909,41.816694
Carya glabra,-71.41861,41.82277
Carya glabra,-88.001714,41.823263
Carya glabra,-71.609277,41.826768
Carya glabra,-86.254177,41.829769
Carya glabra,-74.08931,41.83122
Carya glabra,-86.415725,41.835872
Carya glabra,-74.343958,41.836511
Carya glabra,-73.460917,41.846935
Carya glabra,-72.25519,41.84996
Carya glabra,-71.75805,41.85361
Carya glabra,-88.200308,41.86046
Carya glabra,-72.90944,41.86166
Carya glabra,-72.60361,41.86194
Carya glabra,-71.307118,41.862183
Carya glabra,-71.466316,41.86252
Carya glabra,-72.16305,41.86333
Carya glabra,-85.19466,41.8635
Carya glabra,-80.789809,41.865053
Carya glabra,-74.139561,41.868164
Carya glabra,-72.36861,41.87138
Carya glabra,-72.748734,41.872411
Carya glabra,-79.15327,41.87621
Carya glabra,-73.967105,41.880819
Carya glabra,-72.842752,41.888225
Carya glabra,-70.915459,41.891082
Carya glabra,-72.5673,41.9049
Carya glabra,-72.70194,41.905
Carya glabra,-74.276942,41.907609
Carya glabra,-84.02314,41.90941
Carya glabra,-86.598887,41.911159
Carya glabra,-71.253056,41.915161
Carya glabra,-72.45833,41.91666
Carya glabra,-70.573281,41.916752
Carya glabra,-85.528322,41.923383
Carya glabra,-72.175437,41.924983
Carya glabra,-73.91306,41.92667
Carya glabra,-86.459718,41.927216
Carya glabra,-88.414349,41.928268
Carya glabra,-74.232803,41.9322
Carya glabra,-72.38163,41.936559
Carya glabra,-75.707056,41.94771
Carya glabra,-71.71737,41.947887
Carya glabra,-76.554433,41.957818
Carya glabra,-74.156193,41.961543
Carya glabra,-84.256249,41.964721
Carya glabra,-72.312222,41.965689
Carya glabra,-70.757908,41.971452
Carya glabra,-71.064226,41.973147
Carya glabra,-85.746599,41.974632
Carya glabra,-73.19622,41.98015
Carya glabra,-73.28194,41.98472
Carya glabra,-73.42277,41.985
Carya glabra,-86.111026,41.986254
Carya glabra,-71.41194,41.98777
Carya glabra,-87.763767,41.991522
Carya glabra,-72.1603,41.993
Carya glabra,-80.385261,42.015068
Carya glabra,-73.940176,42.016103
Carya glabra,-78.937965,42.017608
Carya glabra,-71.449704,42.017791
Carya glabra,-70.929322,42.025302
Carya glabra,-78.82461,42.028106
Carya glabra,-71.967195,42.044686
Carya glabra,-72.741763,42.044742
Carya glabra,-88.260058,42.04641
Carya glabra,-74.052786,42.046587
Carya glabra,-84.237922,42.051777
Carya glabra,-76.59583,42.05361
Carya glabra,-85.61565,42.05855
Carya glabra,-85.4499,42.05855
Carya glabra,-71.680193,42.060544
Carya glabra,-78.93115,42.06194
Carya glabra,-72.358711,42.063422
Carya glabra,-72.861487,42.06676
Carya glabra,-72.572725,42.073284
Carya glabra,-76.854945,42.075464
Carya glabra,-75.627942,42.080854
Carya glabra,-78.81701,42.08175
Carya glabra,-72.276947,42.082156
Carya glabra,-70.804114,42.084437
Carya glabra,-71.198055,42.085278
Carya glabra,-85.50904,42.08583
Carya glabra,-91.271788,42.088982
Carya glabra,-79.392929,42.089298
Carya glabra,-71.752033,42.09161
Carya glabra,-83.949592,42.097331
Carya glabra,-84.221443,42.098076
Carya glabra,-76.94792,42.105192
Carya glabra,-86.166386,42.114637
Carya glabra,-85.53278,42.12005
Carya glabra,-71.207512,42.124134
Carya glabra,-71.068767,42.124532
Carya glabra,-71.313952,42.125842
Carya glabra,-73.723495,42.127463
Carya glabra,-71.469074,42.140781
Carya glabra,-72.849199,42.150182
Carya glabra,-84.662815,42.151538
Carya glabra,-85.47753,42.16101
Carya glabra,-71.330434,42.164129
Carya glabra,-73.654662,42.164361
Carya glabra,-71.530639,42.16572
Carya glabra,-73.509116,42.168248
Carya glabra,-71.255857,42.172534
Carya glabra,-71.417837,42.17469
Carya glabra,-85.60874,42.17637
Carya glabra,-84.24135,42.1958
Carya glabra,-85.667347,42.196783
Carya glabra,-84.422352,42.203943
Carya glabra,-71.085442,42.206722
Carya glabra,-83.71429,42.21143
Carya glabra,-75.843953,42.211503
Carya glabra,-72.048549,42.21464
Carya glabra,-73.829096,42.216968
Carya glabra,-71.701692,42.220608
Carya glabra,-71.233302,42.221928
Carya glabra,-72.245985,42.228037
Carya glabra,-71.446148,42.23555
Carya glabra,-83.648438,42.242924
Carya glabra,-72.871194,42.244308
Carya glabra,-84.401346,42.245869
Carya glabra,-71.06667,42.24944
Carya glabra,-82.87886,42.24974
Carya glabra,-83.0667,42.25
Carya glabra,-71.33474,42.252176
Carya glabra,-82.429288,42.254872
Carya glabra,-74.125454,42.256195
Carya glabra,-72.519941,42.259992
Carya glabra,-71.810226,42.263355
Carya glabra,-85.637904,42.265222
Carya glabra,-71.16853,42.26937
Carya glabra,-83.726329,42.270872
Carya glabra,-74.213753,42.270919
Carya glabra,-71.620789,42.27689
Carya glabra,-83.004007,42.281942
Carya glabra,-85.728829,42.28314
Carya glabra,-71.736994,42.286539
Carya glabra,-71.380232,42.288846
Carya glabra,-83.648982,42.289337
Carya glabra,-83.500913,42.289456
Carya glabra,-72.650051,42.29389
Carya glabra,-71.292557,42.296486
Carya glabra,-88.37256,42.297204
Carya glabra,-72.574658,42.299066
Carya glabra,-71.099661,42.301925
Carya glabra,-74.010029,42.303749
Carya glabra,-72.483834,42.30443
Carya glabra,-72.748267,42.308554
Carya glabra,-83.693969,42.312599
Carya glabra,-81.848359,42.31359
Carya glabra,-71.440357,42.3234
Carya glabra,-71.04958,42.32509
Carya glabra,-85.30747,42.32581
Carya glabra,-72.67454,42.32664
Carya glabra,-87.998579,42.331205
Carya glabra,-83.5889,42.331506
Carya glabra,-74.451946,42.332467
Carya glabra,-72.525101,42.333916
Carya glabra,-84.044005,42.336838
Carya glabra,-82.980473,42.340038
Carya glabra,-88.105144,42.342021
Carya glabra,-71.596122,42.343251
Carya glabra,-76.48517,42.343263
Carya glabra,-92.61081,42.350202
Carya glabra,-71.233203,42.361573
Carya glabra,-85.450428,42.361792
Carya glabra,-72.491342,42.362779
Carya glabra,-88.016404,42.37517
Carya glabra,-72.57552,42.375925
Carya glabra,-73.444548,42.385405
Carya glabra,-83.362315,42.390055
Carya glabra,-71.284566,42.392303
Carya glabra,-85.381718,42.399054
Carya glabra,-71.199142,42.402325
Carya glabra,-83.979553,42.402387
Carya glabra,-71.499922,42.405288
Carya glabra,-71.657533,42.406136
Carya glabra,-72.501488,42.407043
Carya glabra,-74.616661,42.409092
Carya glabra,-73.86156,42.421836
Carya glabra,-88.301374,42.422014
Carya glabra,-71.086836,42.427086
Carya glabra,-76.49494,42.42924
Carya glabra,-71.318333,42.431667
Carya glabra,-83.8,42.4333
Carya glabra,-72.22671,42.43795
Carya glabra,-84.655888,42.439507
Carya glabra,-90.030836,42.439628
Carya glabra,-84.002524,42.439691
Carya glabra,-78.88679,42.44292
Carya glabra,-71.23071,42.44563
Carya glabra,-72.53647,42.446463
Carya glabra,-71.605897,42.45
Carya glabra,-76.366957,42.452367
Carya glabra,-88.180486,42.456175
Carya glabra,-71.122765,42.45684
Carya glabra,-71.43918,42.457873
Carya glabra,-71.36386,42.46197
Carya glabra,-71.783403,42.462067
Carya glabra,-76.45565,42.464528
Carya glabra,-72.269428,42.472
Carya glabra,-75.043606,42.482985
Carya glabra,-71.159541,42.489901
Carya glabra,-71.2762,42.4907
Carya glabra,-70.904498,42.49269
Carya glabra,-84.492666,42.502039
Carya glabra,-77.194174,42.512957
Carya glabra,-71.476328,42.513998
Carya glabra,-83.094134,42.515276
Carya glabra,-76.517581,42.521698
Carya glabra,-83.232522,42.521779
Carya glabra,-83.334356,42.522123
Carya glabra,-71.362404,42.526417
Carya glabra,-88.294792,42.532308
Carya glabra,-78.420306,42.532649
Carya glabra,-88.00935,42.532809
Carya glabra,-73.337753,42.539367
Carya glabra,-84.086417,42.542431
Carya glabra,-74.409876,42.548449
Carya glabra,-85.9779,42.5485
Carya glabra,-83.641967,42.550667
Carya glabra,-70.897033,42.552616
Carya glabra,-72.5177,42.55488
Carya glabra,-72.76552,42.574711
Carya glabra,-76.920225,42.577492
Carya glabra,-83.36955,42.58681
Carya glabra,-84.011457,42.589826
Carya glabra,-73.855872,42.595353
Carya glabra,-71.3673,42.5998
Carya glabra,-71.517551,42.603951
Carya glabra,-80.227846,42.609263
Carya glabra,-83.810754,42.614044
Carya glabra,-76.850864,42.618058
Carya glabra,-77.25765,42.618861
Carya glabra,-83.641414,42.627281
Carya glabra,-77.363235,42.631411
Carya glabra,-72.51113,42.63373
Carya glabra,-77.974448,42.633927
Carya glabra,-83.006917,42.634769
Carya glabra,-71.564607,42.636138
Carya glabra,-70.867921,42.638874
Carya glabra,-84.393707,42.639924
Carya glabra,-80.289982,42.648759
Carya glabra,-91.919386,42.648771
Carya glabra,-73.756232,42.652579
Carya glabra,-80.471192,42.653773
Carya glabra,-71.081518,42.653934
Carya glabra,-74.304567,42.655473
Carya glabra,-72.600676,42.659008
Carya glabra,-74.014068,42.659207
Carya glabra,-77.589833,42.669083
Carya glabra,-70.995263,42.67492
Carya glabra,-72.44598,42.67578
Carya glabra,-70.841161,42.67926
Carya glabra,-73.587222,42.683611
Carya glabra,-70.650406,42.684131
Carya glabra,-71.286872,42.68827
Carya glabra,-77.6784,42.688739
Carya glabra,-72.54901,42.69163
Carya glabra,-77.932098,42.693543
Carya glabra,-84.44777,42.69779
Carya glabra,-71.119384,42.704031
Carya glabra,-71.465407,42.705656
Carya glabra,-80.299826,42.707035
Carya glabra,-73.6857,42.7245
Carya glabra,-83.153928,42.72948
Carya glabra,-72.613181,42.729592
Carya glabra,-84.478587,42.730868
Carya glabra,-71.678708,42.736107
Carya glabra,-89.048908,42.736557
Carya glabra,-70.85115,42.742838
Carya glabra,-84.401776,42.743495
Carya glabra,-71.769,42.7437
Carya glabra,-77.782134,42.744649
Carya glabra,-73.965551,42.745863
Carya glabra,-80.2667,42.75
Carya glabra,-71.526337,42.751387
Carya glabra,-73.235942,42.765635
Carya glabra,-72.50222,42.76916
Carya glabra,-72.375074,42.775121
Carya glabra,-80.369612,42.777925
Carya glabra,-73.6887,42.782947
Carya glabra,-73.808158,42.788852
Carya glabra,-80.281643,42.792778
Carya glabra,-73.903873,42.795772
Carya glabra,-83.409538,42.798412
Carya glabra,-83.52922,42.801325
Carya glabra,-83.175993,42.808072
Carya glabra,-84.384833,42.812333
Carya glabra,-83.26466,42.82475
Carya glabra,-71.714659,42.826015
Carya glabra,-81.775498,42.826152
Carya glabra,-89.099105,42.83038
Carya glabra,-71.157257,42.832606
Carya glabra,-71.326795,42.834624
Carya glabra,-71.548534,42.844794
Carya glabra,-71.249425,42.849331
Carya glabra,-76.154857,42.856622
Carya glabra,-85.669056,42.8582
Carya glabra,-84.342172,42.864835
Carya glabra,-77.243637,42.866735
Carya glabra,-77.498978,42.877459
Carya glabra,-72.299799,42.895969
Carya glabra,-83.426423,42.902771
Carya glabra,-83.618491,42.919464
Carya glabra,-88.036284,42.925044
Carya glabra,-89.478861,42.936024
Carya glabra,-85.428333,42.946881
Carya glabra,-85.598397,42.953521
Carya glabra,-80.394517,42.955433
Carya glabra,-77.42235,42.966299
Carya glabra,-70.978291,42.966638
Carya glabra,-83.434494,42.973952
Carya glabra,-81.009602,42.974824
Carya glabra,-88.786973,42.975723
Carya glabra,-77.86621,42.976221
Carya glabra,-71.44469,42.98477
Carya glabra,-81.151882,42.989362
Carya glabra,-85.737305,42.99268
Carya glabra,-71.324109,42.996033
Carya glabra,-79.582938,43.001243
Carya glabra,-82.542096,43.004134
Carya glabra,-80.270437,43.005286
Carya glabra,-79.000233,43.013267
Carya glabra,-78.909386,43.018571
Carya glabra,-79.709514,43.020328
Carya glabra,-76.1279,43.028078
Carya glabra,-77.568484,43.028443
Carya glabra,-80.397233,43.029758
Carya glabra,-73.793053,43.03603
Carya glabra,-79.316185,43.043418
Carya glabra,-77.476416,43.047559
Carya glabra,-89.41807,43.04783
Carya glabra,-85.466038,43.057958
Carya glabra,-89.486974,43.060547
Carya glabra,-77.421965,43.061987
Carya glabra,-88.374773,43.062933
Carya glabra,-80.301604,43.073247
Carya glabra,-88.07636,43.090521
Carya glabra,-75.652818,43.091809
Carya glabra,-80.245069,43.092464
Carya glabra,-76.446924,43.092852
Carya glabra,-70.871028,43.100052
Carya glabra,-89.618042,43.100681
Carya glabra,-73.782753,43.10083
Carya glabra,-73.637942,43.100831
Carya glabra,-80.411528,43.103194
Carya glabra,-77.512348,43.10576
Carya glabra,-77.619532,43.128592
Carya glabra,-70.9264,43.134
Carya glabra,-72.355042,43.134603
Carya glabra,-79.049286,43.138
Carya glabra,-80.220506,43.142513
Carya glabra,-76.182975,43.145717
Carya glabra,-85.441142,43.154377
Carya glabra,-70.814922,43.155757
Carya glabra,-80.310166,43.158658
Carya glabra,-91.23,43.16
Carya glabra,-89.360503,43.169131
Carya glabra,-80.401887,43.171354
Carya glabra,-79.37388,43.18181
Carya glabra,-79.915556,43.182778
Carya glabra,-77.630558,43.183118
Carya glabra,-85.642729,43.186348
Carya glabra,-87.906153,43.188158
Carya glabra,-77.527925,43.211837
Carya glabra,-70.809269,43.212215
Carya glabra,-79.826592,43.215187
Carya glabra,-80.257579,43.220043
Carya glabra,-77.433995,43.224887
Carya glabra,-77.614167,43.226667
Carya glabra,-79.909095,43.2277
Carya glabra,-79.060469,43.239411
Carya glabra,-79.995944,43.243422
Carya glabra,-73.738463,43.246117
Carya glabra,-80.382047,43.254442
Carya glabra,-79.910833,43.279167
Carya glabra,-76.641442,43.281906
Carya glabra,-80.484793,43.282361
Carya glabra,-80.238329,43.285029
Carya glabra,-80.387959,43.295245
Carya glabra,-73.612595,43.313338
Carya glabra,-79.996409,43.316567
Carya glabra,-80.324134,43.318405
Carya glabra,-85.571549,43.323931
Carya glabra,-80.218329,43.325602
Carya glabra,-80.535794,43.330292
Carya glabra,-79.85123,43.331353
Carya glabra,-80.352064,43.355436
Carya glabra,-79.72245,43.373381
Carya glabra,-73.334945,43.383372
Carya glabra,-80.210918,43.395618
Carya glabra,-72.336527,43.411498
Carya glabra,-73.487613,43.414237
Carya glabra,-84.079953,43.414348
Carya glabra,-88.058245,43.416622
Carya glabra,-73.297331,43.443441
Carya glabra,-76.243975,43.455978
Carya glabra,-80.525922,43.490553
Carya glabra,-79.863329,43.494139
Carya glabra,-89.229639,43.534727
Carya glabra,-84.043424,43.538887
Carya glabra,-89.729029,43.54708
Carya glabra,-80.171013,43.555497
Carya glabra,-79.674403,43.559801
Carya glabra,-73.659534,43.566206
Carya glabra,-84.790942,43.596434
Carya glabra,-73.179832,43.610622
Carya glabra,-84.251856,43.624104
Carya glabra,-73.278894,43.62862
Carya glabra,-72.430539,43.634406
Carya glabra,-79.542582,43.652488
Carya glabra,-73.489778,43.672172
Carya glabra,-73.235829,43.674282
Carya glabra,-73.175128,43.681742
Carya glabra,-73.357765,43.688533
Carya glabra,-73.481729,43.751036
Carya glabra,-79.867248,43.861035
Carya glabra,-77.246768,43.906739
Carya glabra,-91.208533,43.923275
Carya glabra,-79.077139,44.005172
Carya glabra,-76.214036,44.0298
Carya glabra,-77.054514,44.0514
Carya glabra,-73.280667,44.054333
Carya glabra,-76.954558,44.087986
Carya glabra,-76.081399,44.09697
Carya glabra,-73.230615,44.124748
Carya glabra,-73.359872,44.182942
Carya glabra,-73.418992,44.226472
Carya glabra,-79.468734,44.244474
Carya glabra,-76.151067,44.250898
Carya glabra,-88.294071,44.259897
Carya glabra,-76.402513,44.287933
Carya glabra,-76.041083,44.293697
Carya glabra,-78.330218,44.305015
Carya glabra,-73.176702,44.438859
Carya glabra,-75.347462,44.442028
Carya glabra,-73.108406,44.442687
Carya glabra,-73.506095,44.460577
Carya glabra,-73.248397,44.491572
Carya glabra,-76.467218,44.492459
Carya glabra,-75.782975,44.518655
Carya glabra,-76.516243,44.537637
Carya glabra,-78.496143,44.572641
Carya glabra,-76.173317,44.613078
Carya glabra,-76.296014,44.707313
Carya glabra,-90.864477,44.873043
Carya glabra,-74.919052,44.992793
Carya glabra,-76.074919,45.136581
Carya glabra,-75.712238,45.262629
Carya glabra,-75.68477,45.353571
